word,level,status,mastery,last_seen,scene,source,meaning_cn,example,collocations,scene_text
abolish,C1,learning,1,2026-05-25,Ada,American_Oxford_5000.pdf,,,,
abortion,C1,learning,1,2026-05-25,Claire,American_Oxford_5000.pdf,,,,
absence,C1,learning,1,2026-05-25,Jill,American_Oxford_5000.pdf,,,,
absent,C1,learning,1,2026-05-25,Sherry,American_Oxford_5000.pdf,,,,
absorb,B2,learning,1,2026-05-25,Rose,American_Oxford_5000.pdf,,,,
abstract,B2,learning,1,2026-05-25,Grace,American_Oxford_5000.pdf,,,,
absurd,C1,learning,1,2026-05-25,Rebecca,American_Oxford_5000.pdf,,,,
abuse,C1,learning,1,2026-05-25,Ashley,American_Oxford_5000.pdf,,,,
academy,C1,learning,1,2026-05-25,Ada,American_Oxford_5000.pdf,,,,
accelerate,C1,learning,1,2026-05-25,Claire,American_Oxford_5000.pdf,,,,
accent,B2,learning,1,2026-05-25,Jill,American_Oxford_5000.pdf,,,,
acceptance,C1,learning,1,2026-05-25,Sherry,American_Oxford_5000.pdf,,,,
accessible,C1,learning,1,2026-05-25,Rose,American_Oxford_5000.pdf,,,,
accidentally,B2,learning,1,2026-05-25,Grace,American_Oxford_5000.pdf,,,,
accommodate,B2,learning,1,2026-05-25,Rebecca,American_Oxford_5000.pdf,,,,
accommodation,B2,learning,1,2026-05-25,Ashley,American_Oxford_5000.pdf,,,,
accomplish,B2,new,0,,Ada,American_Oxford_5000.pdf,,,,
accomplishment,C1,new,0,,Claire,American_Oxford_5000.pdf,,,,
accordingly,C1,new,0,,Jill,American_Oxford_5000.pdf,,,,
accountability,C1,new,0,,Sherry,American_Oxford_5000.pdf,,,,
accountable,C1,new,0,,Rose,American_Oxford_5000.pdf,,,,
accountant,B2,new,0,,Grace,American_Oxford_5000.pdf,,,,
accumulate,C1,new,0,,Rebecca,American_Oxford_5000.pdf,,,,
accumulation,C1,new,0,,Ashley,American_Oxford_5000.pdf,,,,
accuracy,B2,new,0,,Ada,American_Oxford_5000.pdf,,,,
accurately,B2,new,0,,Claire,American_Oxford_5000.pdf,,,,
accusation,C1,new,0,,Jill,American_Oxford_5000.pdf,,,,
accused,C1,new,0,,Sherry,American_Oxford_5000.pdf,,,,
acid,B2,new,0,,Rose,American_Oxford_5000.pdf,,,,
acquisition,C1,new,0,,Grace,American_Oxford_5000.pdf,,,,
acre,B2,new,0,,Rebecca,American_Oxford_5000.pdf,,,,
activate,B2,new,0,,Ashley,American_Oxford_5000.pdf,,,,
activation,C1,new,0,,Ada,American_Oxford_5000.pdf,,,,
activist,C1,new,0,,Claire,American_Oxford_5000.pdf,,,,
acute,C1,new,0,,Jill,American_Oxford_5000.pdf,,,,
adaptation,C1,new,0,,Sherry,American_Oxford_5000.pdf,,,,
addiction,B2,new,0,,Rose,American_Oxford_5000.pdf,,,,
additionally,B2,new,0,,Grace,American_Oxford_5000.pdf,,,,
adequate,B2,new,0,,Rebecca,American_Oxford_5000.pdf,,,,
adequately,B2,new,0,,Ashley,American_Oxford_5000.pdf,,,,
adhere,C1,new,0,,Ada,American_Oxford_5000.pdf,,,,
adjacent,C1,new,0,,Claire,American_Oxford_5000.pdf,,,,
adjust,B2,new,0,,Jill,American_Oxford_5000.pdf,,,,
adjustment,C1,new,0,,Sherry,American_Oxford_5000.pdf,,,,
administer,C1,new,0,,Rose,American_Oxford_5000.pdf,,,,
administrative,C1,new,0,,Grace,American_Oxford_5000.pdf,,,,
administrator,C1,new,0,,Rebecca,American_Oxford_5000.pdf,,,,
admission,C1,new,0,,Ashley,American_Oxford_5000.pdf,,,,
adolescent,C1,new,0,,Ada,American_Oxford_5000.pdf,,,,
adoption,C1,new,0,,Claire,American_Oxford_5000.pdf,,,,
adverse,C1,new,0,,Jill,American_Oxford_5000.pdf,,,,
advocate,C1,new,0,,Sherry,American_Oxford_5000.pdf,,,,
aesthetic,C1,new,0,,Rose,American_Oxford_5000.pdf,,,,
affection,C1,new,0,,Grace,American_Oxford_5000.pdf,,,,
affordable,B2,new,0,,Rebecca,American_Oxford_5000.pdf,,,,
aftermath,C1,new,0,,Ashley,American_Oxford_5000.pdf,,,,
aged,B2,new,0,,Ada,American_Oxford_5000.pdf,,,,
aggression,C1,new,0,,Claire,American_Oxford_5000.pdf,,,,
agricultural,C1,new,0,,Jill,American_Oxford_5000.pdf,,,,
agriculture,B2,new,0,,Sherry,American_Oxford_5000.pdf,,,,
aide,C1,new,0,,Rose,American_Oxford_5000.pdf,,,,
AIDS,B2,new,0,,Grace,American_Oxford_5000.pdf,,,,
alert,C1,new,0,,Rebecca,American_Oxford_5000.pdf,,,,
alien,B2,new,0,,Ashley,American_Oxford_5000.pdf,,,,
align,C1,new,0,,Ada,American_Oxford_5000.pdf,,,,
alignment,C1,new,0,,Claire,American_Oxford_5000.pdf,,,,
alike,C1,new,0,,Jill,American_Oxford_5000.pdf,,,,
allegation,C1,new,0,,Sherry,American_Oxford_5000.pdf,,,,
allege,C1,new,0,,Rose,American_Oxford_5000.pdf,,,,
allegedly,C1,new,0,,Grace,American_Oxford_5000.pdf,,,,
alliance,C1,new,0,,Rebecca,American_Oxford_5000.pdf,,,,
allocate,C1,new,0,,Ashley,American_Oxford_5000.pdf,,,,
allocation,C1,new,0,,Ada,American_Oxford_5000.pdf,,,,
allowance,C1,new,0,,Claire,American_Oxford_5000.pdf,,,,
ally,C1,new,0,,Jill,American_Oxford_5000.pdf,,,,
alongside,B2,new,0,,Sherry,American_Oxford_5000.pdf,,,,
altogether,B2,new,0,,Rose,American_Oxford_5000.pdf,,,,
aluminum,C1,new,0,,Grace,American_Oxford_5000.pdf,,,,
amateur,C1,new,0,,Rebecca,American_Oxford_5000.pdf,,,,
ambassador,C1,new,0,,Ashley,American_Oxford_5000.pdf,,,,
ambitious,B2,new,0,,Ada,American_Oxford_5000.pdf,,,,
ambulance,B2,new,0,,Claire,American_Oxford_5000.pdf,,,,
amend,C1,new,0,,Jill,American_Oxford_5000.pdf,,,,
amendment,C1,new,0,,Sherry,American_Oxford_5000.pdf,,,,
amid,C1,new,0,,Rose,American_Oxford_5000.pdf,,,,
amusing,B2,new,0,,Grace,American_Oxford_5000.pdf,,,,
analogy,C1,new,0,,Rebecca,American_Oxford_5000.pdf,,,,
analyst,B2,new,0,,Ashley,American_Oxford_5000.pdf,,,,
ancestor,B2,new,0,,Ada,American_Oxford_5000.pdf,,,,
anchor,C1,new,0,,Claire,American_Oxford_5000.pdf,,,,
angel,C1,new,0,,Jill,American_Oxford_5000.pdf,,,,
animation,B2,new,0,,Sherry,American_Oxford_5000.pdf,,,,
annually,B2,new,0,,Rose,American_Oxford_5000.pdf,,,,
anonymous,C1,new,0,,Grace,American_Oxford_5000.pdf,,,,
anticipate,B2,new,0,,Rebecca,American_Oxford_5000.pdf,,,,
anxiety,B2,new,0,,Ashley,American_Oxford_5000.pdf,,,,
apology,B2,new,0,,Ada,American_Oxford_5000.pdf,,,,
apparatus,C1,new,0,,Claire,American_Oxford_5000.pdf,,,,
apparel,C1,new,0,,Jill,American_Oxford_5000.pdf,,,,
appealing,C1,new,0,,Sherry,American_Oxford_5000.pdf,,,,
appetite,C1,new,0,,Rose,American_Oxford_5000.pdf,,,,
applaud,C1,new,0,,Grace,American_Oxford_5000.pdf,,,,
applicable,C1,new,0,,Rebecca,American_Oxford_5000.pdf,,,,
applicant,B2,new,0,,Ashley,American_Oxford_5000.pdf,,,,
appoint,C1,new,0,,Ada,American_Oxford_5000.pdf,,,,
appreciation,C1,new,0,,Claire,American_Oxford_5000.pdf,,,,
appropriately,B2,new,0,,Jill,American_Oxford_5000.pdf,,,,
arbitrary,C1,new,0,,Sherry,American_Oxford_5000.pdf,,,,
architectural,C1,new,0,,Rose,American_Oxford_5000.pdf,,,,
archive,C1,new,0,,Grace,American_Oxford_5000.pdf,,,,
arena,C1,new,0,,Rebecca,American_Oxford_5000.pdf,,,,
arm,C1,new,0,,Ashley,American_Oxford_5000.pdf,,,,
array,C1,new,0,,Ada,American_Oxford_5000.pdf,,,,
arrow,B2,new,0,,Claire,American_Oxford_5000.pdf,,,,
articulate,C1,new,0,,Jill,American_Oxford_5000.pdf,,,,
artwork,B2,new,0,,Sherry,American_Oxford_5000.pdf,,,,
ash,C1,new,0,,Rose,American_Oxford_5000.pdf,,,,
aspiration,C1,new,0,,Grace,American_Oxford_5000.pdf,,,,
aspire,C1,new,0,,Rebecca,American_Oxford_5000.pdf,,,,
assassination,C1,new,0,,Ashley,American_Oxford_5000.pdf,,,,
assault,C1,new,0,,Ada,American_Oxford_5000.pdf,,,,
assemble,C1,new,0,,Claire,American_Oxford_5000.pdf,,,,
assembly,C1,new,0,,Jill,American_Oxford_5000.pdf,,,,
assert,C1,new,0,,Sherry,American_Oxford_5000.pdf,,,,
assertion,C1,new,0,,Rose,American_Oxford_5000.pdf,,,,
asset,B2,new,0,,Grace,American_Oxford_5000.pdf,,,,
assign,B2,new,0,,Rebecca,American_Oxford_5000.pdf,,,,
assistance,B2,new,0,,Ashley,American_Oxford_5000.pdf,,,,
assumption,B2,new,0,,Ada,American_Oxford_5000.pdf,,,,
assurance,C1,new,0,,Claire,American_Oxford_5000.pdf,,,,
assure,B2,new,0,,Jill,American_Oxford_5000.pdf,,,,
astonishing,B2,new,0,,Sherry,American_Oxford_5000.pdf,,,,
asylum,C1,new,0,,Rose,American_Oxford_5000.pdf,,,,
athletic,B2,new,0,,Grace,American_Oxford_5000.pdf,,,,
atrocity,C1,new,0,,Rebecca,American_Oxford_5000.pdf,,,,
attachment,B2,new,0,,Ashley,American_Oxford_5000.pdf,,,,
attain,C1,new,0,,Ada,American_Oxford_5000.pdf,,,,
attendance,C1,new,0,,Claire,American_Oxford_5000.pdf,,,,
attribute,C1,new,0,,Jill,American_Oxford_5000.pdf,,,,
auction,C1,new,0,,Sherry,American_Oxford_5000.pdf,,,,
audio,B2,new,0,,Rose,American_Oxford_5000.pdf,,,,
audit,C1,new,0,,Grace,American_Oxford_5000.pdf,,,,
authentic,C1,new,0,,Rebecca,American_Oxford_5000.pdf,,,,
authorize,C1,new,0,,Ashley,American_Oxford_5000.pdf,,,,
auto,C1,new,0,,Ada,American_Oxford_5000.pdf,,,,
autonomy,C1,new,0,,Claire,American_Oxford_5000.pdf,,,,
autumn,C1,new,0,,Jill,American_Oxford_5000.pdf,,,,
availability,C1,new,0,,Sherry,American_Oxford_5000.pdf,,,,
await,C1,new,0,,Rose,American_Oxford_5000.pdf,,,,
awareness,B2,new,0,,Grace,American_Oxford_5000.pdf,,,,
awkward,B2,new,0,,Rebecca,American_Oxford_5000.pdf,,,,
backdrop,C1,new,0,,Ashley,American_Oxford_5000.pdf,,,,
backing,C1,new,0,,Ada,American_Oxford_5000.pdf,,,,
backup,C1,new,0,,Claire,American_Oxford_5000.pdf,,,,
badge,B2,new,0,,Jill,American_Oxford_5000.pdf,,,,
bail,C1,new,0,,Sherry,American_Oxford_5000.pdf,,,,
balanced,B2,new,0,,Rose,American_Oxford_5000.pdf,,,,
ballet,B2,new,0,,Grace,American_Oxford_5000.pdf,,,,
balloon,B2,new,0,,Rebecca,American_Oxford_5000.pdf,,,,
ballot,C1,new,0,,Ashley,American_Oxford_5000.pdf,,,,
bankruptcy,C1,new,0,,Ada,American_Oxford_5000.pdf,,,,
banner,C1,new,0,,Claire,American_Oxford_5000.pdf,,,,
bare,C1,new,0,,Jill,American_Oxford_5000.pdf,,,,
barely,B2,new,0,,Sherry,American_Oxford_5000.pdf,,,,
bargain,B2,new,0,,Rose,American_Oxford_5000.pdf,,,,
barrel,C1,new,0,,Grace,American_Oxford_5000.pdf,,,,
basement,B2,new,0,,Rebecca,American_Oxford_5000.pdf,,,,
basket,B2,new,0,,Ashley,American_Oxford_5000.pdf,,,,
bass1,C1,new,0,,Ada,American_Oxford_5000.pdf,,,,
bat,B2,new,0,,Claire,American_Oxford_5000.pdf,,,,
battlefield,C1,new,0,,Jill,American_Oxford_5000.pdf,,,,
bay,C1,new,0,,Sherry,American_Oxford_5000.pdf,,,,
beam,C1,new,0,,Rose,American_Oxford_5000.pdf,,,,
beast,C1,new,0,,Grace,American_Oxford_5000.pdf,,,,
behalf,C1,new,0,,Rebecca,American_Oxford_5000.pdf,,,,
behavioral,C1,new,0,,Ashley,American_Oxford_5000.pdf,,,,
beloved,C1,new,0,,Ada,American_Oxford_5000.pdf,,,,
bench,C1,new,0,,Claire,American_Oxford_5000.pdf,,,,
benchmark,C1,new,0,,Jill,American_Oxford_5000.pdf,,,,
beneath,C1,new,0,,Sherry,American_Oxford_5000.pdf,,,,
beneficial,B2,new,0,,Rose,American_Oxford_5000.pdf,,,,
beneficiary,C1,new,0,,Grace,American_Oxford_5000.pdf,,,,
beside,B2,new,0,,Rebecca,American_Oxford_5000.pdf,,,,
besides,B2,new,0,,Ashley,American_Oxford_5000.pdf,,,,
betray,C1,new,0,,Ada,American_Oxford_5000.pdf,,,,
beverage,C1,new,0,,Claire,American_Oxford_5000.pdf,,,,
bias,B2,new,0,,Jill,American_Oxford_5000.pdf,,,,
bid,B2,new,0,,Sherry,American_Oxford_5000.pdf,,,,
bind,C1,new,0,,Rose,American_Oxford_5000.pdf,,,,
biography,C1,new,0,,Grace,American_Oxford_5000.pdf,,,,
biological,B2,new,0,,Rebecca,American_Oxford_5000.pdf,,,,
bishop,C1,new,0,,Ashley,American_Oxford_5000.pdf,,,,
bizarre,C1,new,0,,Ada,American_Oxford_5000.pdf,,,,
blade,C1,new,0,,Claire,American_Oxford_5000.pdf,,,,
blanket,B2,new,0,,Jill,American_Oxford_5000.pdf,,,,
blast,C1,new,0,,Sherry,American_Oxford_5000.pdf,,,,
bleed,C1,new,0,,Rose,American_Oxford_5000.pdf,,,,
blend,C1,new,0,,Grace,American_Oxford_5000.pdf,,,,
bless,C1,new,0,,Rebecca,American_Oxford_5000.pdf,,,,
blessing,C1,new,0,,Ashley,American_Oxford_5000.pdf,,,,
blow,B2,new,0,,Ada,American_Oxford_5000.pdf,,,,
boast,C1,new,0,,Claire,American_Oxford_5000.pdf,,,,
bold,B2,new,0,,Jill,American_Oxford_5000.pdf,,,,
bombing,B2,new,0,,Sherry,American_Oxford_5000.pdf,,,,
bonus,C1,new,0,,Rose,American_Oxford_5000.pdf,,,,
booking,C1,new,0,,Grace,American_Oxford_5000.pdf,,,,
boom,C1,new,0,,Rebecca,American_Oxford_5000.pdf,,,,
boost,B2,new,0,,Ashley,American_Oxford_5000.pdf,,,,
bounce,C1,new,0,,Ada,American_Oxford_5000.pdf,,,,
bound,B2,new,0,,Claire,American_Oxford_5000.pdf,,,,
boundary,C1,new,0,,Jill,American_Oxford_5000.pdf,,,,
bow,C1,new,0,,Sherry,American_Oxford_5000.pdf,,,,
breach,C1,new,0,,Rose,American_Oxford_5000.pdf,,,,
breakdown,C1,new,0,,Grace,American_Oxford_5000.pdf,,,,
breakthrough,C1,new,0,,Rebecca,American_Oxford_5000.pdf,,,,
breed,C1,new,0,,Ashley,American_Oxford_5000.pdf,,,,
brick,B2,new,0,,Ada,American_Oxford_5000.pdf,,,,
briefly,B2,new,0,,Claire,American_Oxford_5000.pdf,,,,
broadband,C1,new,0,,Jill,American_Oxford_5000.pdf,,,,
broadcaster,B2,new,0,,Sherry,American_Oxford_5000.pdf,,,,
broadly,B2,new,0,,Rose,American_Oxford_5000.pdf,,,,
browser,C1,new,0,,Grace,American_Oxford_5000.pdf,,,,
brutal,C1,new,0,,Rebecca,American_Oxford_5000.pdf,,,,
buck,B2,new,0,,Ashley,American_Oxford_5000.pdf,,,,
buddy,C1,new,0,,Ada,American_Oxford_5000.pdf,,,,
buffer,C1,new,0,,Claire,American_Oxford_5000.pdf,,,,
bug,B2,new,0,,Jill,American_Oxford_5000.pdf,,,,
bulk,C1,new,0,,Sherry,American_Oxford_5000.pdf,,,,
burden,C1,new,0,,Rose,American_Oxford_5000.pdf,,,,
bureaucracy,C1,new,0,,Grace,American_Oxford_5000.pdf,,,,
burial,C1,new,0,,Rebecca,American_Oxford_5000.pdf,,,,
burst,C1,new,0,,Ashley,American_Oxford_5000.pdf,,,,
cabin,B2,new,0,,Ada,American_Oxford_5000.pdf,,,,
cabinet,C1,new,0,,Claire,American_Oxford_5000.pdf,,,,
calculation,C1,new,0,,Jill,American_Oxford_5000.pdf,,,,
canal,B2,new,0,,Sherry,American_Oxford_5000.pdf,,,,
candle,B2,new,0,,Rose,American_Oxford_5000.pdf,,,,
canvas,C1,new,0,,Grace,American_Oxford_5000.pdf,,,,
capability,C1,new,0,,Rebecca,American_Oxford_5000.pdf,,,,
capitalism,C1,new,0,,Ashley,American_Oxford_5000.pdf,,,,
capitalist,C1,new,0,,Ada,American_Oxford_5000.pdf,,,,
carbon,B2,new,0,,Claire,American_Oxford_5000.pdf,,,,
cargo,C1,new,0,,Jill,American_Oxford_5000.pdf,,,,
carriage,C1,new,0,,Sherry,American_Oxford_5000.pdf,,,,
carve,C1,new,0,,Rose,American_Oxford_5000.pdf,,,,
casino,C1,new,0,,Grace,American_Oxford_5000.pdf,,,,
castle,B2,new,0,,Rebecca,American_Oxford_5000.pdf,,,,
casual,B2,new,0,,Ashley,American_Oxford_5000.pdf,,,,
casualty,C1,new,0,,Ada,American_Oxford_5000.pdf,,,,
catalog,C1,new,0,,Claire,American_Oxford_5000.pdf,,,,
cater,C1,new,0,,Jill,American_Oxford_5000.pdf,,,,
cattle,C1,new,0,,Sherry,American_Oxford_5000.pdf,,,,
caution,C1,new,0,,Rose,American_Oxford_5000.pdf,,,,
cautious,C1,new,0,,Grace,American_Oxford_5000.pdf,,,,
cave,B2,new,0,,Rebecca,American_Oxford_5000.pdf,,,,
cease,C1,new,0,,Ashley,American_Oxford_5000.pdf,,,,
cemetery,C1,new,0,,Ada,American_Oxford_5000.pdf,,,,
certainty,B2,new,0,,Claire,American_Oxford_5000.pdf,,,,
certificate,B2,new,0,,Jill,American_Oxford_5000.pdf,,,,
challenging,B2,new,0,,Sherry,American_Oxford_5000.pdf,,,,
chamber,C1,new,0,,Rose,American_Oxford_5000.pdf,,,,
championship,B2,new,0,,Grace,American_Oxford_5000.pdf,,,,
chaos,C1,new,0,,Rebecca,American_Oxford_5000.pdf,,,,
characterize,C1,new,0,,Ashley,American_Oxford_5000.pdf,,,,
charm,C1,new,0,,Ada,American_Oxford_5000.pdf,,,,
charming,B2,new,0,,Claire,American_Oxford_5000.pdf,,,,
charter,C1,new,0,,Jill,American_Oxford_5000.pdf,,,,
chase,B2,new,0,,Sherry,American_Oxford_5000.pdf,,,,
cheek,B2,new,0,,Rose,American_Oxford_5000.pdf,,,,
cheer,B2,new,0,,Grace,American_Oxford_5000.pdf,,,,
choir,C1,new,0,,Rebecca,American_Oxford_5000.pdf,,,,
chop,B2,new,0,,Ashley,American_Oxford_5000.pdf,,,,
chronic,C1,new,0,,Ada,American_Oxford_5000.pdf,,,,
chunk,C1,new,0,,Claire,American_Oxford_5000.pdf,,,,
circuit,B2,new,0,,Jill,American_Oxford_5000.pdf,,,,
circulate,C1,new,0,,Sherry,American_Oxford_5000.pdf,,,,
circulation,C1,new,0,,Rose,American_Oxford_5000.pdf,,,,
citizenship,C1,new,0,,Grace,American_Oxford_5000.pdf,,,,
civic,C1,new,0,,Rebecca,American_Oxford_5000.pdf,,,,
civilian,C1,new,0,,Ashley,American_Oxford_5000.pdf,,,,
civilization,B2,new,0,,Ada,American_Oxford_5000.pdf,,,,
clarify,B2,new,0,,Claire,American_Oxford_5000.pdf,,,,
clarity,C1,new,0,,Jill,American_Oxford_5000.pdf,,,,
clash,C1,new,0,,Sherry,American_Oxford_5000.pdf,,,,
classification,C1,new,0,,Rose,American_Oxford_5000.pdf,,,,
classify,B2,new,0,,Grace,American_Oxford_5000.pdf,,,,
cliff,B2,new,0,,Rebecca,American_Oxford_5000.pdf,,,,
cling,C1,new,0,,Ashley,American_Oxford_5000.pdf,,,,
clinic,B2,new,0,,Ada,American_Oxford_5000.pdf,,,,
clinical,C1,new,0,,Claire,American_Oxford_5000.pdf,,,,
clip,B2,new,0,,Jill,American_Oxford_5000.pdf,,,,
closure,C1,new,0,,Sherry,American_Oxford_5000.pdf,,,,
cluster,C1,new,0,,Rose,American_Oxford_5000.pdf,,,,
coalition,C1,new,0,,Grace,American_Oxford_5000.pdf,,,,
coastal,C1,new,0,,Rebecca,American_Oxford_5000.pdf,,,,
cocktail,C1,new,0,,Ashley,American_Oxford_5000.pdf,,,,
cognitive,C1,new,0,,Ada,American_Oxford_5000.pdf,,,,
coincide,C1,new,0,,Claire,American_Oxford_5000.pdf,,,,
coincidence,B2,new,0,,Jill,American_Oxford_5000.pdf,,,,
collaborate,C1,new,0,,Sherry,American_Oxford_5000.pdf,,,,
collaboration,C1,new,0,,Rose,American_Oxford_5000.pdf,,,,
collective,C1,new,0,,Grace,American_Oxford_5000.pdf,,,,
collector,B2,new,0,,Rebecca,American_Oxford_5000.pdf,,,,
collision,C1,new,0,,Ashley,American_Oxford_5000.pdf,,,,
colonial,C1,new,0,,Ada,American_Oxford_5000.pdf,,,,
colony,B2,new,0,,Claire,American_Oxford_5000.pdf,,,,
colorful,B2,new,0,,Jill,American_Oxford_5000.pdf,,,,
columnist,C1,new,0,,Sherry,American_Oxford_5000.pdf,,,,
combat,C1,new,0,,Rose,American_Oxford_5000.pdf,,,,
comic,B2,new,0,,Grace,American_Oxford_5000.pdf,,,,
commander,B2,new,0,,Rebecca,American_Oxford_5000.pdf,,,,
commence,C1,new,0,,Ashley,American_Oxford_5000.pdf,,,,
commentary,C1,new,0,,Ada,American_Oxford_5000.pdf,,,,
commentator,C1,new,0,,Claire,American_Oxford_5000.pdf,,,,
commerce,C1,new,0,,Jill,American_Oxford_5000.pdf,,,,
commissioner,C1,new,0,,Sherry,American_Oxford_5000.pdf,,,,
commodity,C1,new,0,,Rose,American_Oxford_5000.pdf,,,,
communist,C1,new,0,,Grace,American_Oxford_5000.pdf,,,,
companion,C1,new,0,,Rebecca,American_Oxford_5000.pdf,,,,
comparable,C1,new,0,,Ashley,American_Oxford_5000.pdf,,,,
comparative,B2,new,0,,Ada,American_Oxford_5000.pdf,,,,
compassion,C1,new,0,,Claire,American_Oxford_5000.pdf,,,,
compel,C1,new,0,,Jill,American_Oxford_5000.pdf,,,,
compelling,C1,new,0,,Sherry,American_Oxford_5000.pdf,,,,
compensate,C1,new,0,,Rose,American_Oxford_5000.pdf,,,,
compensation,C1,new,0,,Grace,American_Oxford_5000.pdf,,,,
competence,C1,new,0,,Rebecca,American_Oxford_5000.pdf,,,,
competent,C1,new,0,,Ashley,American_Oxford_5000.pdf,,,,
compile,C1,new,0,,Ada,American_Oxford_5000.pdf,,,,
complement,C1,new,0,,Claire,American_Oxford_5000.pdf,,,,
completion,B2,new,0,,Jill,American_Oxford_5000.pdf,,,,
complexity,C1,new,0,,Sherry,American_Oxford_5000.pdf,,,,
compliance,C1,new,0,,Rose,American_Oxford_5000.pdf,,,,
complication,C1,new,0,,Grace,American_Oxford_5000.pdf,,,,
comply,C1,new,0,,Rebecca,American_Oxford_5000.pdf,,,,
compose,B2,new,0,,Ashley,American_Oxford_5000.pdf,,,,
composer,B2,new,0,,Ada,American_Oxford_5000.pdf,,,,
composition,C1,new,0,,Claire,American_Oxford_5000.pdf,,,,
compound,B2,new,0,,Jill,American_Oxford_5000.pdf,,,,
comprehensive,B2,new,0,,Sherry,American_Oxford_5000.pdf,,,,
comprise,B2,new,0,,Rose,American_Oxford_5000.pdf,,,,
compromise,C1,new,0,,Grace,American_Oxford_5000.pdf,,,,
compulsory,B2,new,0,,Rebecca,American_Oxford_5000.pdf,,,,
compute,C1,new,0,,Ashley,American_Oxford_5000.pdf,,,,
conceal,C1,new,0,,Ada,American_Oxford_5000.pdf,,,,
concede,C1,new,0,,Claire,American_Oxford_5000.pdf,,,,
conceive,C1,new,0,,Jill,American_Oxford_5000.pdf,,,,
conception,C1,new,0,,Sherry,American_Oxford_5000.pdf,,,,
concession,C1,new,0,,Rose,American_Oxford_5000.pdf,,,,
concrete,B2,new,0,,Grace,American_Oxford_5000.pdf,,,,
condemn,C1,new,0,,Rebecca,American_Oxford_5000.pdf,,,,
confer,C1,new,0,,Ashley,American_Oxford_5000.pdf,,,,
confess,B2,new,0,,Ada,American_Oxford_5000.pdf,,,,
confession,C1,new,0,,Claire,American_Oxford_5000.pdf,,,,
configuration,C1,new,0,,Jill,American_Oxford_5000.pdf,,,,
confine,C1,new,0,,Sherry,American_Oxford_5000.pdf,,,,
confirmation,C1,new,0,,Rose,American_Oxford_5000.pdf,,,,
confront,C1,new,0,,Grace,American_Oxford_5000.pdf,,,,
confrontation,C1,new,0,,Rebecca,American_Oxford_5000.pdf,,,,
confusion,B2,new,0,,Ashley,American_Oxford_5000.pdf,,,,
congratulate,C1,new,0,,Ada,American_Oxford_5000.pdf,,,,
congregation,C1,new,0,,Claire,American_Oxford_5000.pdf,,,,
congressional,C1,new,0,,Jill,American_Oxford_5000.pdf,,,,
conquer,C1,new,0,,Sherry,American_Oxford_5000.pdf,,,,
conscience,C1,new,0,,Rose,American_Oxford_5000.pdf,,,,
consciousness,C1,new,0,,Grace,American_Oxford_5000.pdf,,,,
consecutive,C1,new,0,,Rebecca,American_Oxford_5000.pdf,,,,
consensus,C1,new,0,,Ashley,American_Oxford_5000.pdf,,,,
consent,C1,new,0,,Ada,American_Oxford_5000.pdf,,,,
consequently,B2,new,0,,Claire,American_Oxford_5000.pdf,,,,
conservation,B2,new,0,,Jill,American_Oxford_5000.pdf,,,,
conserve,C1,new,0,,Sherry,American_Oxford_5000.pdf,,,,
considerable,B2,new,0,,Rose,American_Oxford_5000.pdf,,,,
considerably,B2,new,0,,Grace,American_Oxford_5000.pdf,,,,
consistency,C1,new,0,,Rebecca,American_Oxford_5000.pdf,,,,
consistently,B2,new,0,,Ashley,American_Oxford_5000.pdf,,,,
consolidate,C1,new,0,,Ada,American_Oxford_5000.pdf,,,,
conspiracy,B2,new,0,,Claire,American_Oxford_5000.pdf,,,,
constitute,C1,new,0,,Jill,American_Oxford_5000.pdf,,,,
constitution,C1,new,0,,Sherry,American_Oxford_5000.pdf,,,,
constitutional,C1,new,0,,Rose,American_Oxford_5000.pdf,,,,
constraint,C1,new,0,,Grace,American_Oxford_5000.pdf,,,,
consult,B2,new,0,,Rebecca,American_Oxford_5000.pdf,,,,
consultant,B2,new,0,,Ashley,American_Oxford_5000.pdf,,,,
consultation,C1,new,0,,Ada,American_Oxford_5000.pdf,,,,
consumption,B2,new,0,,Claire,American_Oxford_5000.pdf,,,,
contemplate,C1,new,0,,Jill,American_Oxford_5000.pdf,,,,
contempt,C1,new,0,,Sherry,American_Oxford_5000.pdf,,,,
contend,C1,new,0,,Rose,American_Oxford_5000.pdf,,,,
contender,C1,new,0,,Grace,American_Oxford_5000.pdf,,,,
content,C1,new,0,,Rebecca,American_Oxford_5000.pdf,,,,
contention,C1,new,0,,Ashley,American_Oxford_5000.pdf,,,,
continually,C1,new,0,,Ada,American_Oxford_5000.pdf,,,,
contractor,C1,new,0,,Claire,American_Oxford_5000.pdf,,,,
contradiction,C1,new,0,,Jill,American_Oxford_5000.pdf,,,,
contrary,C1,new,0,,Sherry,American_Oxford_5000.pdf,,,,
contributor,C1,new,0,,Rose,American_Oxford_5000.pdf,,,,
controversial,B2,new,0,,Grace,American_Oxford_5000.pdf,,,,
controversy,B2,new,0,,Rebecca,American_Oxford_5000.pdf,,,,
convenience,B2,new,0,,Ashley,American_Oxford_5000.pdf,,,,
convention,B2,new,0,,Ada,American_Oxford_5000.pdf,,,,
conventional,B2,new,0,,Claire,American_Oxford_5000.pdf,,,,
conversion,C1,new,0,,Jill,American_Oxford_5000.pdf,,,,
convey,B2,new,0,,Sherry,American_Oxford_5000.pdf,,,,
convict,C1,new,0,,Rose,American_Oxford_5000.pdf,,,,
conviction,C1,new,0,,Grace,American_Oxford_5000.pdf,,,,
convincing,B2,new,0,,Rebecca,American_Oxford_5000.pdf,,,,
cooperate,C1,new,0,,Ashley,American_Oxford_5000.pdf,,,,
cooperative,C1,new,0,,Ada,American_Oxford_5000.pdf,,,,
coordinate,C1,new,0,,Claire,American_Oxford_5000.pdf,,,,
coordination,C1,new,0,,Jill,American_Oxford_5000.pdf,,,,
coordinator,C1,new,0,,Sherry,American_Oxford_5000.pdf,,,,
cop,B2,new,0,,Rose,American_Oxford_5000.pdf,,,,
cope,B2,new,0,,Grace,American_Oxford_5000.pdf,,,,
copper,C1,new,0,,Rebecca,American_Oxford_5000.pdf,,,,
copyright,C1,new,0,,Ashley,American_Oxford_5000.pdf,,,,
corporation,B2,new,0,,Ada,American_Oxford_5000.pdf,,,,
correction,C1,new,0,,Claire,American_Oxford_5000.pdf,,,,
correlate,C1,new,0,,Jill,American_Oxford_5000.pdf,,,,
correlation,C1,new,0,,Sherry,American_Oxford_5000.pdf,,,,
correspond,C1,new,0,,Rose,American_Oxford_5000.pdf,,,,
correspondence,C1,new,0,,Grace,American_Oxford_5000.pdf,,,,
correspondent,C1,new,0,,Rebecca,American_Oxford_5000.pdf,,,,
corresponding,C1,new,0,,Ashley,American_Oxford_5000.pdf,,,,
corridor,B2,new,0,,Ada,American_Oxford_5000.pdf,,,,
corrupt,C1,new,0,,Claire,American_Oxford_5000.pdf,,,,
corruption,C1,new,0,,Jill,American_Oxford_5000.pdf,,,,
costly,C1,new,0,,Sherry,American_Oxford_5000.pdf,,,,
councilor,C1,new,0,,Rose,American_Oxford_5000.pdf,,,,
counseling,C1,new,0,,Grace,American_Oxford_5000.pdf,,,,
counselor,C1,new,0,,Rebecca,American_Oxford_5000.pdf,,,,
counter (long flat surface),B2,new,0,,Ashley,American_Oxford_5000.pdf,,,,
counter (argue against),C1,new,0,,Ada,American_Oxford_5000.pdf,,,,
counterpart,C1,new,0,,Claire,American_Oxford_5000.pdf,,,,
countless,C1,new,0,,Jill,American_Oxford_5000.pdf,,,,
coup,C1,new,0,,Sherry,American_Oxford_5000.pdf,,,,
courtesy,C1,new,0,,Rose,American_Oxford_5000.pdf,,,,
coverage,B2,new,0,,Grace,American_Oxford_5000.pdf,,,,
cowboy,B2,new,0,,Rebecca,American_Oxford_5000.pdf,,,,
crack,B2,new,0,,Ashley,American_Oxford_5000.pdf,,,,
craft,B2,new,0,,Ada,American_Oxford_5000.pdf,,,,
crawl,C1,new,0,,Claire,American_Oxford_5000.pdf,,,,
creativity,B2,new,0,,Jill,American_Oxford_5000.pdf,,,,
creator,C1,new,0,,Sherry,American_Oxford_5000.pdf,,,,
credibility,C1,new,0,,Rose,American_Oxford_5000.pdf,,,,
credible,C1,new,0,,Grace,American_Oxford_5000.pdf,,,,
creep,C1,new,0,,Rebecca,American_Oxford_5000.pdf,,,,
critically,B2,new,0,,Ashley,American_Oxford_5000.pdf,,,,
critique,C1,new,0,,Ada,American_Oxford_5000.pdf,,,,
crown,C1,new,0,,Claire,American_Oxford_5000.pdf,,,,
crude,C1,new,0,,Jill,American_Oxford_5000.pdf,,,,
cruise,B2,new,0,,Sherry,American_Oxford_5000.pdf,,,,
crush,C1,new,0,,Rose,American_Oxford_5000.pdf,,,,
crystal,C1,new,0,,Grace,American_Oxford_5000.pdf,,,,
cue,B2,new,0,,Rebecca,American_Oxford_5000.pdf,,,,
cult,C1,new,0,,Ashley,American_Oxford_5000.pdf,,,,
cultivate,C1,new,0,,Ada,American_Oxford_5000.pdf,,,,
curiosity,C1,new,0,,Claire,American_Oxford_5000.pdf,,,,
curious,B2,new,0,,Jill,American_Oxford_5000.pdf,,,,
curriculum,B2,new,0,,Sherry,American_Oxford_5000.pdf,,,,
custody,C1,new,0,,Rose,American_Oxford_5000.pdf,,,,
cute,B2,new,0,,Grace,American_Oxford_5000.pdf,,,,
cutting,C1,new,0,,Rebecca,American_Oxford_5000.pdf,,,,
cynical,C1,new,0,,Ashley,American_Oxford_5000.pdf,,,,
dairy,B2,new,0,,Ada,American_Oxford_5000.pdf,,,,
dam,C1,new,0,,Claire,American_Oxford_5000.pdf,,,,
damaging,C1,new,0,,Jill,American_Oxford_5000.pdf,,,,
dare,B2,new,0,,Sherry,American_Oxford_5000.pdf,,,,
darkness,B2,new,0,,Rose,American_Oxford_5000.pdf,,,,
database,B2,new,0,,Grace,American_Oxford_5000.pdf,,,,
dawn,C1,new,0,,Rebecca,American_Oxford_5000.pdf,,,,
deadline,B2,new,0,,Ashley,American_Oxford_5000.pdf,,,,
deadly,B2,new,0,,Ada,American_Oxford_5000.pdf,,,,
dealer,B2,new,0,,Claire,American_Oxford_5000.pdf,,,,
debris,C1,new,0,,Jill,American_Oxford_5000.pdf,,,,
debut,C1,new,0,,Sherry,American_Oxford_5000.pdf,,,,
decision-making,C1,new,0,,Rose,American_Oxford_5000.pdf,,,,
decisive,C1,new,0,,Grace,American_Oxford_5000.pdf,,,,
deck,B2,new,0,,Rebecca,American_Oxford_5000.pdf,,,,
declaration,C1,new,0,,Ashley,American_Oxford_5000.pdf,,,,
dedicated,C1,new,0,,Ada,American_Oxford_5000.pdf,,,,
dedication,C1,new,0,,Claire,American_Oxford_5000.pdf,,,,
deed,C1,new,0,,Jill,American_Oxford_5000.pdf,,,,
deem,C1,new,0,,Sherry,American_Oxford_5000.pdf,,,,
default,C1,new,0,,Rose,American_Oxford_5000.pdf,,,,
defect,C1,new,0,,Grace,American_Oxford_5000.pdf,,,,
defender,B2,new,0,,Rebecca,American_Oxford_5000.pdf,,,,
defensive,C1,new,0,,Ashley,American_Oxford_5000.pdf,,,,
deficiency,C1,new,0,,Ada,American_Oxford_5000.pdf,,,,
deficit,C1,new,0,,Claire,American_Oxford_5000.pdf,,,,
defy,C1,new,0,,Jill,American_Oxford_5000.pdf,,,,
delegate,C1,new,0,,Sherry,American_Oxford_5000.pdf,,,,
delegation,C1,new,0,,Rose,American_Oxford_5000.pdf,,,,
delete,B2,new,0,,Grace,American_Oxford_5000.pdf,,,,
delicate,C1,new,0,,Rebecca,American_Oxford_5000.pdf,,,,
delighted,B2,new,0,,Ashley,American_Oxford_5000.pdf,,,,
democracy,B2,new,0,,Ada,American_Oxford_5000.pdf,,,,
democratic,B2,new,0,,Claire,American_Oxford_5000.pdf,,,,
demon,C1,new,0,,Jill,American_Oxford_5000.pdf,,,,
demonstration,B2,new,0,,Sherry,American_Oxford_5000.pdf,,,,
denial,C1,new,0,,Rose,American_Oxford_5000.pdf,,,,
denounce,C1,new,0,,Grace,American_Oxford_5000.pdf,,,,
dense,C1,new,0,,Rebecca,American_Oxford_5000.pdf,,,,
density,C1,new,0,,Ashley,American_Oxford_5000.pdf,,,,
depart,B2,new,0,,Ada,American_Oxford_5000.pdf,,,,
dependence,C1,new,0,,Claire,American_Oxford_5000.pdf,,,,
dependent,B2,new,0,,Jill,American_Oxford_5000.pdf,,,,
depict,C1,new,0,,Sherry,American_Oxford_5000.pdf,,,,
deploy,C1,new,0,,Rose,American_Oxford_5000.pdf,,,,
deployment,C1,new,0,,Grace,American_Oxford_5000.pdf,,,,
deposit,B2,new,0,,Rebecca,American_Oxford_5000.pdf,,,,
depression,B2,new,0,,Ashley,American_Oxford_5000.pdf,,,,
deprive,C1,new,0,,Ada,American_Oxford_5000.pdf,,,,
deputy,C1,new,0,,Claire,American_Oxford_5000.pdf,,,,
derive,B2,new,0,,Jill,American_Oxford_5000.pdf,,,,
descend,C1,new,0,,Sherry,American_Oxford_5000.pdf,,,,
descent,C1,new,0,,Rose,American_Oxford_5000.pdf,,,,
designate,C1,new,0,,Grace,American_Oxford_5000.pdf,,,,
desirable,C1,new,0,,Rebecca,American_Oxford_5000.pdf,,,,
desktop,C1,new,0,,Ashley,American_Oxford_5000.pdf,,,,
desperately,B2,new,0,,Ada,American_Oxford_5000.pdf,,,,
destruction,B2,new,0,,Claire,American_Oxford_5000.pdf,,,,
destructive,C1,new,0,,Jill,American_Oxford_5000.pdf,,,,
detain,C1,new,0,,Sherry,American_Oxford_5000.pdf,,,,
detection,C1,new,0,,Rose,American_Oxford_5000.pdf,,,,
detention,C1,new,0,,Grace,American_Oxford_5000.pdf,,,,
deteriorate,C1,new,0,,Rebecca,American_Oxford_5000.pdf,,,,
determination,B2,new,0,,Ashley,American_Oxford_5000.pdf,,,,
devastate,C1,new,0,,Ada,American_Oxford_5000.pdf,,,,
devil,C1,new,0,,Claire,American_Oxford_5000.pdf,,,,
devise,C1,new,0,,Jill,American_Oxford_5000.pdf,,,,
devote,B2,new,0,,Sherry,American_Oxford_5000.pdf,,,,
diagnose,C1,new,0,,Rose,American_Oxford_5000.pdf,,,,
diagnosis,C1,new,0,,Grace,American_Oxford_5000.pdf,,,,
dictate,C1,new,0,,Rebecca,American_Oxford_5000.pdf,,,,
dictator,C1,new,0,,Ashley,American_Oxford_5000.pdf,,,,
differ,B2,new,0,,Ada,American_Oxford_5000.pdf,,,,
differentiate,C1,new,0,,Claire,American_Oxford_5000.pdf,,,,
dignity,C1,new,0,,Jill,American_Oxford_5000.pdf,,,,
dilemma,C1,new,0,,Sherry,American_Oxford_5000.pdf,,,,
dime,B2,new,0,,Rose,American_Oxford_5000.pdf,,,,
dimension,C1,new,0,,Grace,American_Oxford_5000.pdf,,,,
diminish,C1,new,0,,Rebecca,American_Oxford_5000.pdf,,,,
dip,C1,new,0,,Ashley,American_Oxford_5000.pdf,,,,
diplomat,C1,new,0,,Ada,American_Oxford_5000.pdf,,,,
diplomatic,C1,new,0,,Claire,American_Oxford_5000.pdf,,,,
directory,C1,new,0,,Jill,American_Oxford_5000.pdf,,,,
disability,B2,new,0,,Sherry,American_Oxford_5000.pdf,,,,
disabled,B2,new,0,,Rose,American_Oxford_5000.pdf,,,,
disagreement,B2,new,0,,Grace,American_Oxford_5000.pdf,,,,
disappoint,B2,new,0,,Rebecca,American_Oxford_5000.pdf,,,,
disappointment,B2,new,0,,Ashley,American_Oxford_5000.pdf,,,,
disastrous,C1,new,0,,Ada,American_Oxford_5000.pdf,,,,
discard,C1,new,0,,Claire,American_Oxford_5000.pdf,,,,
discharge,C1,new,0,,Jill,American_Oxford_5000.pdf,,,,
disclose,C1,new,0,,Sherry,American_Oxford_5000.pdf,,,,
disclosure,C1,new,0,,Rose,American_Oxford_5000.pdf,,,,
discourage,B2,new,0,,Grace,American_Oxford_5000.pdf,,,,
discourse,C1,new,0,,Rebecca,American_Oxford_5000.pdf,,,,
discretion,C1,new,0,,Ashley,American_Oxford_5000.pdf,,,,
discrimination,C1,new,0,,Ada,American_Oxford_5000.pdf,,,,
dismissal,C1,new,0,,Claire,American_Oxford_5000.pdf,,,,
disorder,B2,new,0,,Jill,American_Oxford_5000.pdf,,,,
displace,C1,new,0,,Sherry,American_Oxford_5000.pdf,,,,
disposal,C1,new,0,,Rose,American_Oxford_5000.pdf,,,,
dispose,C1,new,0,,Grace,American_Oxford_5000.pdf,,,,
dispute,C1,new,0,,Rebecca,American_Oxford_5000.pdf,,,,
disrupt,C1,new,0,,Ashley,American_Oxford_5000.pdf,,,,
disruption,C1,new,0,,Ada,American_Oxford_5000.pdf,,,,
dissolve,C1,new,0,,Claire,American_Oxford_5000.pdf,,,,
distant,B2,new,0,,Jill,American_Oxford_5000.pdf,,,,
distinct,B2,new,0,,Sherry,American_Oxford_5000.pdf,,,,
distinction,C1,new,0,,Rose,American_Oxford_5000.pdf,,,,
distinctive,C1,new,0,,Grace,American_Oxford_5000.pdf,,,,
distinguish,B2,new,0,,Rebecca,American_Oxford_5000.pdf,,,,
distort,C1,new,0,,Ashley,American_Oxford_5000.pdf,,,,
distract,B2,new,0,,Ada,American_Oxford_5000.pdf,,,,
distress,C1,new,0,,Claire,American_Oxford_5000.pdf,,,,
disturb,B2,new,0,,Jill,American_Oxford_5000.pdf,,,,
disturbing,C1,new,0,,Sherry,American_Oxford_5000.pdf,,,,
dive,B2,new,0,,Rose,American_Oxford_5000.pdf,,,,
diverse,B2,new,0,,Grace,American_Oxford_5000.pdf,,,,
diversity,B2,new,0,,Rebecca,American_Oxford_5000.pdf,,,,
divert,C1,new,0,,Ashley,American_Oxford_5000.pdf,,,,
divine,C1,new,0,,Ada,American_Oxford_5000.pdf,,,,
divorce,B2,new,0,,Claire,American_Oxford_5000.pdf,,,,
doctrine,C1,new,0,,Jill,American_Oxford_5000.pdf,,,,
documentation,C1,new,0,,Sherry,American_Oxford_5000.pdf,,,,
domain,C1,new,0,,Rose,American_Oxford_5000.pdf,,,,
dominance,C1,new,0,,Grace,American_Oxford_5000.pdf,,,,
dominant,B2,new,0,,Rebecca,American_Oxford_5000.pdf,,,,
donation,B2,new,0,,Ashley,American_Oxford_5000.pdf,,,,
donor,C1,new,0,,Ada,American_Oxford_5000.pdf,,,,
dose,C1,new,0,,Claire,American_Oxford_5000.pdf,,,,
dot,B2,new,0,,Jill,American_Oxford_5000.pdf,,,,
drain,C1,new,0,,Sherry,American_Oxford_5000.pdf,,,,
dramatically,B2,new,0,,Rose,American_Oxford_5000.pdf,,,,
drift,C1,new,0,,Grace,American_Oxford_5000.pdf,,,,
driving,C1,new,0,,Rebecca,American_Oxford_5000.pdf,,,,
drought,B2,new,0,,Ashley,American_Oxford_5000.pdf,,,,
drown,C1,new,0,,Ada,American_Oxford_5000.pdf,,,,
dual,C1,new,0,,Claire,American_Oxford_5000.pdf,,,,
dub,C1,new,0,,Jill,American_Oxford_5000.pdf,,,,
dull,B2,new,0,,Sherry,American_Oxford_5000.pdf,,,,
dumb,C1,new,0,,Rose,American_Oxford_5000.pdf,,,,
dump,B2,new,0,,Grace,American_Oxford_5000.pdf,,,,
duo,C1,new,0,,Rebecca,American_Oxford_5000.pdf,,,,
duration,B2,new,0,,Ashley,American_Oxford_5000.pdf,,,,
dynamic,B2,new,0,,Ada,American_Oxford_5000.pdf,,,,
eager,B2,new,0,,Claire,American_Oxford_5000.pdf,,,,
earnings,C1,new,0,,Jill,American_Oxford_5000.pdf,,,,
ease,C1,new,0,,Sherry,American_Oxford_5000.pdf,,,,
echo,C1,new,0,,Rose,American_Oxford_5000.pdf,,,,
ecological,C1,new,0,,Grace,American_Oxford_5000.pdf,,,,
economics,B2,new,0,,Rebecca,American_Oxford_5000.pdf,,,,
economist,B2,new,0,,Ashley,American_Oxford_5000.pdf,,,,
editorial,B2,new,0,,Ada,American_Oxford_5000.pdf,,,,
educator,C1,new,0,,Claire,American_Oxford_5000.pdf,,,,
effectiveness,C1,new,0,,Jill,American_Oxford_5000.pdf,,,,
efficiency,C1,new,0,,Sherry,American_Oxford_5000.pdf,,,,
efficiently,B2,new,0,,Rose,American_Oxford_5000.pdf,,,,
ego,C1,new,0,,Grace,American_Oxford_5000.pdf,,,,
elaborate,C1,new,0,,Rebecca,American_Oxford_5000.pdf,,,,
elbow,B2,new,0,,Ashley,American_Oxford_5000.pdf,,,,
electoral,C1,new,0,,Ada,American_Oxford_5000.pdf,,,,
electronics,B2,new,0,,Claire,American_Oxford_5000.pdf,,,,
elegant,B2,new,0,,Jill,American_Oxford_5000.pdf,,,,
elementary,B2,new,0,,Sherry,American_Oxford_5000.pdf,,,,
elevate,C1,new,0,,Rose,American_Oxford_5000.pdf,,,,
eligible,C1,new,0,,Grace,American_Oxford_5000.pdf,,,,
eliminate,B2,new,0,,Rebecca,American_Oxford_5000.pdf,,,,
elite,C1,new,0,,Ashley,American_Oxford_5000.pdf,,,,
embark,C1,new,0,,Ada,American_Oxford_5000.pdf,,,,
embarrassment,C1,new,0,,Claire,American_Oxford_5000.pdf,,,,
embassy,C1,new,0,,Jill,American_Oxford_5000.pdf,,,,
embed,C1,new,0,,Sherry,American_Oxford_5000.pdf,,,,
embody,C1,new,0,,Rose,American_Oxford_5000.pdf,,,,
embrace,B2,new,0,,Grace,American_Oxford_5000.pdf,,,,
emergence,C1,new,0,,Rebecca,American_Oxford_5000.pdf,,,,
emission,B2,new,0,,Ashley,American_Oxford_5000.pdf,,,,
emotionally,B2,new,0,,Ada,American_Oxford_5000.pdf,,,,
empire,B2,new,0,,Claire,American_Oxford_5000.pdf,,,,
empirical,C1,new,0,,Jill,American_Oxford_5000.pdf,,,,
empower,C1,new,0,,Sherry,American_Oxford_5000.pdf,,,,
enact,C1,new,0,,Rose,American_Oxford_5000.pdf,,,,
encompass,C1,new,0,,Grace,American_Oxford_5000.pdf,,,,
encouragement,C1,new,0,,Rebecca,American_Oxford_5000.pdf,,,,
encouraging,C1,new,0,,Ashley,American_Oxford_5000.pdf,,,,
endeavor,C1,new,0,,Ada,American_Oxford_5000.pdf,,,,
endless,C1,new,0,,Claire,American_Oxford_5000.pdf,,,,
endorse,C1,new,0,,Jill,American_Oxford_5000.pdf,,,,
endorsement,C1,new,0,,Sherry,American_Oxford_5000.pdf,,,,
endure,C1,new,0,,Rose,American_Oxford_5000.pdf,,,,
enforce,C1,new,0,,Grace,American_Oxford_5000.pdf,,,,
enforcement,C1,new,0,,Rebecca,American_Oxford_5000.pdf,,,,
engagement,C1,new,0,,Ashley,American_Oxford_5000.pdf,,,,
engaging,C1,new,0,,Ada,American_Oxford_5000.pdf,,,,
enjoyable,B2,new,0,,Claire,American_Oxford_5000.pdf,,,,
enrich,C1,new,0,,Jill,American_Oxford_5000.pdf,,,,
enroll,C1,new,0,,Sherry,American_Oxford_5000.pdf,,,,
ensue,C1,new,0,,Rose,American_Oxford_5000.pdf,,,,
enterprise,C1,new,0,,Grace,American_Oxford_5000.pdf,,,,
entertaining,B2,new,0,,Rebecca,American_Oxford_5000.pdf,,,,
enthusiast,C1,new,0,,Ashley,American_Oxford_5000.pdf,,,,
entitle,C1,new,0,,Ada,American_Oxford_5000.pdf,,,,
entity,C1,new,0,,Claire,American_Oxford_5000.pdf,,,,
entrepreneur,B2,new,0,,Jill,American_Oxford_5000.pdf,,,,
envelope,B2,new,0,,Sherry,American_Oxford_5000.pdf,,,,
epidemic,C1,new,0,,Rose,American_Oxford_5000.pdf,,,,
equality,C1,new,0,,Grace,American_Oxford_5000.pdf,,,,
equation,C1,new,0,,Rebecca,American_Oxford_5000.pdf,,,,
equip,B2,new,0,,Ashley,American_Oxford_5000.pdf,,,,
equivalent,B2,new,0,,Ada,American_Oxford_5000.pdf,,,,
era,B2,new,0,,Claire,American_Oxford_5000.pdf,,,,
erect,C1,new,0,,Jill,American_Oxford_5000.pdf,,,,
erupt,B2,new,0,,Sherry,American_Oxford_5000.pdf,,,,
escalate,C1,new,0,,Rose,American_Oxford_5000.pdf,,,,
essence,C1,new,0,,Grace,American_Oxford_5000.pdf,,,,
essentially,B2,new,0,,Rebecca,American_Oxford_5000.pdf,,,,
establishment,C1,new,0,,Ashley,American_Oxford_5000.pdf,,,,
eternal,C1,new,0,,Ada,American_Oxford_5000.pdf,,,,
ethic,B2,new,0,,Claire,American_Oxford_5000.pdf,,,,
ethnic,B2,new,0,,Jill,American_Oxford_5000.pdf,,,,
evacuate,C1,new,0,,Sherry,American_Oxford_5000.pdf,,,,
evaluation,B2,new,0,,Rose,American_Oxford_5000.pdf,,,,
evident,B2,new,0,,Grace,American_Oxford_5000.pdf,,,,
evoke,C1,new,0,,Rebecca,American_Oxford_5000.pdf,,,,
evolution,B2,new,0,,Ashley,American_Oxford_5000.pdf,,,,
evolutionary,C1,new,0,,Ada,American_Oxford_5000.pdf,,,,
evolve,B2,new,0,,Claire,American_Oxford_5000.pdf,,,,
exaggerate,C1,new,0,,Jill,American_Oxford_5000.pdf,,,,
exceed,B2,new,0,,Sherry,American_Oxford_5000.pdf,,,,
excellence,C1,new,0,,Rose,American_Oxford_5000.pdf,,,,
exception,B2,new,0,,Grace,American_Oxford_5000.pdf,,,,
exceptional,C1,new,0,,Rebecca,American_Oxford_5000.pdf,,,,
excess,C1,new,0,,Ashley,American_Oxford_5000.pdf,,,,
excessive,B2,new,0,,Ada,American_Oxford_5000.pdf,,,,
exclude,B2,new,0,,Claire,American_Oxford_5000.pdf,,,,
exclusion,C1,new,0,,Jill,American_Oxford_5000.pdf,,,,
exclusive,C1,new,0,,Sherry,American_Oxford_5000.pdf,,,,
exclusively,C1,new,0,,Rose,American_Oxford_5000.pdf,,,,
execute,C1,new,0,,Grace,American_Oxford_5000.pdf,,,,
execution,C1,new,0,,Rebecca,American_Oxford_5000.pdf,,,,
exert,C1,new,0,,Ashley,American_Oxford_5000.pdf,,,,
exile,C1,new,0,,Ada,American_Oxford_5000.pdf,,,,
exotic,B2,new,0,,Claire,American_Oxford_5000.pdf,,,,
expansion,B2,new,0,,Jill,American_Oxford_5000.pdf,,,,
expedition,B2,new,0,,Sherry,American_Oxford_5000.pdf,,,,
expenditure,C1,new,0,,Rose,American_Oxford_5000.pdf,,,,
experimental,C1,new,0,,Grace,American_Oxford_5000.pdf,,,,
expertise,B2,new,0,,Rebecca,American_Oxford_5000.pdf,,,,
expire,C1,new,0,,Ashley,American_Oxford_5000.pdf,,,,
explicit,C1,new,0,,Ada,American_Oxford_5000.pdf,,,,
explicitly,C1,new,0,,Claire,American_Oxford_5000.pdf,,,,
exploit,B2,new,0,,Jill,American_Oxford_5000.pdf,,,,
exploitation,C1,new,0,,Sherry,American_Oxford_5000.pdf,,,,
explosive,C1,new,0,,Rose,American_Oxford_5000.pdf,,,,
exposure,B2,new,0,,Grace,American_Oxford_5000.pdf,,,,
extension,B2,new,0,,Rebecca,American_Oxford_5000.pdf,,,,
extensive,B2,new,0,,Ashley,American_Oxford_5000.pdf,,,,
extensively,B2,new,0,,Ada,American_Oxford_5000.pdf,,,,
extract,B2,new,0,,Claire,American_Oxford_5000.pdf,,,,
extremist,C1,new,0,,Jill,American_Oxford_5000.pdf,,,,
fabric,B2,new,0,,Sherry,American_Oxford_5000.pdf,,,,
fabulous,B2,new,0,,Rose,American_Oxford_5000.pdf,,,,
facilitate,C1,new,0,,Grace,American_Oxford_5000.pdf,,,,
faction,C1,new,0,,Rebecca,American_Oxford_5000.pdf,,,,
faculty,B2,new,0,,Ashley,American_Oxford_5000.pdf,,,,
fade,C1,new,0,,Ada,American_Oxford_5000.pdf,,,,
failed,B2,new,0,,Claire,American_Oxford_5000.pdf,,,,
fairness,C1,new,0,,Jill,American_Oxford_5000.pdf,,,,
fake,B2,new,0,,Sherry,American_Oxford_5000.pdf,,,,
fame,B2,new,0,,Rose,American_Oxford_5000.pdf,,,,
fantasy,B2,new,0,,Grace,American_Oxford_5000.pdf,,,,
fare,B2,new,0,,Rebecca,American_Oxford_5000.pdf,,,,
fatal,C1,new,0,,Ashley,American_Oxford_5000.pdf,,,,
fate,C1,new,0,,Ada,American_Oxford_5000.pdf,,,,
favorable,C1,new,0,,Claire,American_Oxford_5000.pdf,,,,
feat,C1,new,0,,Jill,American_Oxford_5000.pdf,,,,
felony,C1,new,0,,Sherry,American_Oxford_5000.pdf,,,,
feminist,C1,new,0,,Rose,American_Oxford_5000.pdf,,,,
fiber,C1,new,0,,Grace,American_Oxford_5000.pdf,,,,
fierce,C1,new,0,,Rebecca,American_Oxford_5000.pdf,,,,
filmmaker,C1,new,0,,Ashley,American_Oxford_5000.pdf,,,,
filter,C1,new,0,,Ada,American_Oxford_5000.pdf,,,,
fine,C1,new,0,,Claire,American_Oxford_5000.pdf,,,,
firearm,C1,new,0,,Jill,American_Oxford_5000.pdf,,,,
firefighter,B2,new,0,,Sherry,American_Oxford_5000.pdf,,,,
firework,B2,new,0,,Rose,American_Oxford_5000.pdf,,,,
firm,B2,new,0,,Grace,American_Oxford_5000.pdf,,,,
firmly,B2,new,0,,Rebecca,American_Oxford_5000.pdf,,,,
fiscal,C1,new,0,,Ashley,American_Oxford_5000.pdf,,,,
fit,C1,new,0,,Ada,American_Oxford_5000.pdf,,,,
flavor,B2,new,0,,Claire,American_Oxford_5000.pdf,,,,
flaw,C1,new,0,,Jill,American_Oxford_5000.pdf,,,,
flawed,C1,new,0,,Sherry,American_Oxford_5000.pdf,,,,
flee,C1,new,0,,Rose,American_Oxford_5000.pdf,,,,
fleet,C1,new,0,,Grace,American_Oxford_5000.pdf,,,,
flesh,C1,new,0,,Rebecca,American_Oxford_5000.pdf,,,,
flexibility,C1,new,0,,Ashley,American_Oxford_5000.pdf,,,,
flourish,C1,new,0,,Ada,American_Oxford_5000.pdf,,,,
fluid,C1,new,0,,Claire,American_Oxford_5000.pdf,,,,
fond,B2,new,0,,Jill,American_Oxford_5000.pdf,,,,
fool,B2,new,0,,Sherry,American_Oxford_5000.pdf,,,,
footage,C1,new,0,,Rose,American_Oxford_5000.pdf,,,,
forbid,B2,new,0,,Grace,American_Oxford_5000.pdf,,,,
forecast,B2,new,0,,Rebecca,American_Oxford_5000.pdf,,,,
foreigner,C1,new,0,,Ashley,American_Oxford_5000.pdf,,,,
forge,C1,new,0,,Ada,American_Oxford_5000.pdf,,,,
format,B2,new,0,,Claire,American_Oxford_5000.pdf,,,,
formation,B2,new,0,,Jill,American_Oxford_5000.pdf,,,,
formerly,B2,new,0,,Sherry,American_Oxford_5000.pdf,,,,
formula,C1,new,0,,Rose,American_Oxford_5000.pdf,,,,
formulate,C1,new,0,,Grace,American_Oxford_5000.pdf,,,,
forth,C1,new,0,,Rebecca,American_Oxford_5000.pdf,,,,
forthcoming,C1,new,0,,Ashley,American_Oxford_5000.pdf,,,,
fortunate,B2,new,0,,Ada,American_Oxford_5000.pdf,,,,
forum,B2,new,0,,Claire,American_Oxford_5000.pdf,,,,
fossil,B2,new,0,,Jill,American_Oxford_5000.pdf,,,,
foster,C1,new,0,,Sherry,American_Oxford_5000.pdf,,,,
foundation,B2,new,0,,Rose,American_Oxford_5000.pdf,,,,
founder,B2,new,0,,Grace,American_Oxford_5000.pdf,,,,
fraction,B2,new,0,,Rebecca,American_Oxford_5000.pdf,,,,
fragile,C1,new,0,,Ashley,American_Oxford_5000.pdf,,,,
fragment,B2,new,0,,Ada,American_Oxford_5000.pdf,,,,
framework,B2,new,0,,Claire,American_Oxford_5000.pdf,,,,
franchise,C1,new,0,,Jill,American_Oxford_5000.pdf,,,,
frankly,C1,new,0,,Sherry,American_Oxford_5000.pdf,,,,
fraud,B2,new,0,,Rose,American_Oxford_5000.pdf,,,,
freely,B2,new,0,,Grace,American_Oxford_5000.pdf,,,,
frequent,B2,new,0,,Rebecca,American_Oxford_5000.pdf,,,,
freshman,C1,new,0,,Ashley,American_Oxford_5000.pdf,,,,
frustrated,C1,new,0,,Ada,American_Oxford_5000.pdf,,,,
frustrating,C1,new,0,,Claire,American_Oxford_5000.pdf,,,,
frustration,C1,new,0,,Jill,American_Oxford_5000.pdf,,,,
fulfill,B2,new,0,,Sherry,American_Oxford_5000.pdf,,,,
full-time,B2,new,0,,Rose,American_Oxford_5000.pdf,,,,
functional,C1,new,0,,Grace,American_Oxford_5000.pdf,,,,
fundamentally,B2,new,0,,Rebecca,American_Oxford_5000.pdf,,,,
fundraising,C1,new,0,,Ashley,American_Oxford_5000.pdf,,,,
funeral,C1,new,0,,Ada,American_Oxford_5000.pdf,,,,
furious,B2,new,0,,Claire,American_Oxford_5000.pdf,,,,
gallon,B2,new,0,,Jill,American_Oxford_5000.pdf,,,,
gambling,C1,new,0,,Sherry,American_Oxford_5000.pdf,,,,
gaming,B2,new,0,,Rose,American_Oxford_5000.pdf,,,,
gathering,C1,new,0,,Grace,American_Oxford_5000.pdf,,,,
gay,B2,new,0,,Rebecca,American_Oxford_5000.pdf,,,,
gaze,C1,new,0,,Ashley,American_Oxford_5000.pdf,,,,
gear,C1,new,0,,Ada,American_Oxford_5000.pdf,,,,
gender,B2,new,0,,Claire,American_Oxford_5000.pdf,,,,
gene,B2,new,0,,Jill,American_Oxford_5000.pdf,,,,
generic,C1,new,0,,Sherry,American_Oxford_5000.pdf,,,,
genetic,B2,new,0,,Rose,American_Oxford_5000.pdf,,,,
genius,B2,new,0,,Grace,American_Oxford_5000.pdf,,,,
genocide,C1,new,0,,Rebecca,American_Oxford_5000.pdf,,,,
genuine,B2,new,0,,Ashley,American_Oxford_5000.pdf,,,,
genuinely,B2,new,0,,Ada,American_Oxford_5000.pdf,,,,
gesture,B2,new,0,,Claire,American_Oxford_5000.pdf,,,,
gig,C1,new,0,,Jill,American_Oxford_5000.pdf,,,,
glance,C1,new,0,,Sherry,American_Oxford_5000.pdf,,,,
glimpse,C1,new,0,,Rose,American_Oxford_5000.pdf,,,,
globalization,B2,new,0,,Grace,American_Oxford_5000.pdf,,,,
globe,B2,new,0,,Rebecca,American_Oxford_5000.pdf,,,,
glorious,C1,new,0,,Ashley,American_Oxford_5000.pdf,,,,
glory,C1,new,0,,Ada,American_Oxford_5000.pdf,,,,
golden,B2,new,0,,Claire,American_Oxford_5000.pdf,,,,
goodness,B2,new,0,,Jill,American_Oxford_5000.pdf,,,,
gorgeous,B2,new,0,,Sherry,American_Oxford_5000.pdf,,,,
governance,C1,new,0,,Rose,American_Oxford_5000.pdf,,,,
grace,C1,new,0,,Grace,American_Oxford_5000.pdf,,,,
graphic,B2,new,0,,Rebecca,American_Oxford_5000.pdf,,,,
graphics,B2,new,0,,Ashley,American_Oxford_5000.pdf,,,,
grasp,C1,new,0,,Ada,American_Oxford_5000.pdf,,,,
grave (for dead person),C1,new,0,,Claire,American_Oxford_5000.pdf,,,,
grave (serious),C1,new,0,,Jill,American_Oxford_5000.pdf,,,,
gravity,C1,new,0,,Sherry,American_Oxford_5000.pdf,,,,
greatly,B2,new,0,,Rose,American_Oxford_5000.pdf,,,,
greenhouse,B2,new,0,,Grace,American_Oxford_5000.pdf,,,,
grid,C1,new,0,,Rebecca,American_Oxford_5000.pdf,,,,
grief,C1,new,0,,Ashley,American_Oxford_5000.pdf,,,,
grin,C1,new,0,,Ada,American_Oxford_5000.pdf,,,,
grind,C1,new,0,,Claire,American_Oxford_5000.pdf,,,,
grip,C1,new,0,,Jill,American_Oxford_5000.pdf,,,,
gross,C1,new,0,,Sherry,American_Oxford_5000.pdf,,,,
guerrilla,C1,new,0,,Rose,American_Oxford_5000.pdf,,,,
guidance,C1,new,0,,Grace,American_Oxford_5000.pdf,,,,
guideline,B2,new,0,,Rebecca,American_Oxford_5000.pdf,,,,
guilt,C1,new,0,,Ashley,American_Oxford_5000.pdf,,,,
gut,C1,new,0,,Ada,American_Oxford_5000.pdf,,,,
habitat,B2,new,0,,Claire,American_Oxford_5000.pdf,,,,
hail,C1,new,0,,Jill,American_Oxford_5000.pdf,,,,
halfway,C1,new,0,,Sherry,American_Oxford_5000.pdf,,,,
halt,C1,new,0,,Rose,American_Oxford_5000.pdf,,,,
handful,C1,new,0,,Grace,American_Oxford_5000.pdf,,,,
handling,C1,new,0,,Rebecca,American_Oxford_5000.pdf,,,,
handy,C1,new,0,,Ashley,American_Oxford_5000.pdf,,,,
harassment,C1,new,0,,Ada,American_Oxford_5000.pdf,,,,
harbor,B2,new,0,,Claire,American_Oxford_5000.pdf,,,,
hardware,C1,new,0,,Jill,American_Oxford_5000.pdf,,,,
harmony,C1,new,0,,Sherry,American_Oxford_5000.pdf,,,,
harsh,C1,new,0,,Rose,American_Oxford_5000.pdf,,,,
harvest,C1,new,0,,Grace,American_Oxford_5000.pdf,,,,
hatred,C1,new,0,,Rebecca,American_Oxford_5000.pdf,,,,
haunt,C1,new,0,,Ashley,American_Oxford_5000.pdf,,,,
hazard,C1,new,0,,Ada,American_Oxford_5000.pdf,,,,
headquarters,B2,new,0,,Claire,American_Oxford_5000.pdf,,,,
heal,B2,new,0,,Jill,American_Oxford_5000.pdf,,,,
healthcare,B2,new,0,,Sherry,American_Oxford_5000.pdf,,,,
heighten,C1,new,0,,Rose,American_Oxford_5000.pdf,,,,
helmet,B2,new,0,,Grace,American_Oxford_5000.pdf,,,,
hence,B2,new,0,,Rebecca,American_Oxford_5000.pdf,,,,
herb,B2,new,0,,Ashley,American_Oxford_5000.pdf,,,,
heritage,C1,new,0,,Ada,American_Oxford_5000.pdf,,,,
hidden,B2,new,0,,Claire,American_Oxford_5000.pdf,,,,
hierarchy,C1,new,0,,Jill,American_Oxford_5000.pdf,,,,
high-profile,C1,new,0,,Sherry,American_Oxford_5000.pdf,,,,
hilarious,B2,new,0,,Rose,American_Oxford_5000.pdf,,,,
hint,C1,new,0,,Grace,American_Oxford_5000.pdf,,,,
hip,B2,new,0,,Rebecca,American_Oxford_5000.pdf,,,,
historian,B2,new,0,,Ashley,American_Oxford_5000.pdf,,,,
homeland,C1,new,0,,Ada,American_Oxford_5000.pdf,,,,
homeless,B2,new,0,,Claire,American_Oxford_5000.pdf,,,,
honesty,B2,new,0,,Jill,American_Oxford_5000.pdf,,,,
honey,B2,new,0,,Sherry,American_Oxford_5000.pdf,,,,
hook,B2,new,0,,Rose,American_Oxford_5000.pdf,,,,
hopeful,C1,new,0,,Grace,American_Oxford_5000.pdf,,,,
hopefully,B2,new,0,,Rebecca,American_Oxford_5000.pdf,,,,
horizon,C1,new,0,,Ashley,American_Oxford_5000.pdf,,,,
horn,C1,new,0,,Ada,American_Oxford_5000.pdf,,,,
hostage,C1,new,0,,Claire,American_Oxford_5000.pdf,,,,
hostile,C1,new,0,,Jill,American_Oxford_5000.pdf,,,,
hostility,C1,new,0,,Sherry,American_Oxford_5000.pdf,,,,
humanitarian,C1,new,0,,Rose,American_Oxford_5000.pdf,,,,
humanity,C1,new,0,,Grace,American_Oxford_5000.pdf,,,,
humble,C1,new,0,,Rebecca,American_Oxford_5000.pdf,,,,
hunger,B2,new,0,,Ashley,American_Oxford_5000.pdf,,,,
hydrogen,C1,new,0,,Ada,American_Oxford_5000.pdf,,,,
hypothesis,B2,new,0,,Claire,American_Oxford_5000.pdf,,,,
icon,B2,new,0,,Jill,American_Oxford_5000.pdf,,,,
ID,B2,new,0,,Sherry,American_Oxford_5000.pdf,,,,
identical,B2,new,0,,Rose,American_Oxford_5000.pdf,,,,
identification,C1,new,0,,Grace,American_Oxford_5000.pdf,,,,
ideological,C1,new,0,,Rebecca,American_Oxford_5000.pdf,,,,
ideology,C1,new,0,,Ashley,American_Oxford_5000.pdf,,,,
idiot,C1,new,0,,Ada,American_Oxford_5000.pdf,,,,
ignorance,C1,new,0,,Claire,American_Oxford_5000.pdf,,,,
illusion,B2,new,0,,Jill,American_Oxford_5000.pdf,,,,
imagery,C1,new,0,,Sherry,American_Oxford_5000.pdf,,,,
immense,C1,new,0,,Rose,American_Oxford_5000.pdf,,,,
immigration,B2,new,0,,Grace,American_Oxford_5000.pdf,,,,
imminent,C1,new,0,,Rebecca,American_Oxford_5000.pdf,,,,
immune,B2,new,0,,Ashley,American_Oxford_5000.pdf,,,,
implement,B2,new,0,,Ada,American_Oxford_5000.pdf,,,,
implementation,C1,new,0,,Claire,American_Oxford_5000.pdf,,,,
implication,B2,new,0,,Jill,American_Oxford_5000.pdf,,,,
imprison,C1,new,0,,Sherry,American_Oxford_5000.pdf,,,,
inability,C1,new,0,,Rose,American_Oxford_5000.pdf,,,,
inadequate,C1,new,0,,Grace,American_Oxford_5000.pdf,,,,
inappropriate,C1,new,0,,Rebecca,American_Oxford_5000.pdf,,,,
incarcerate,C1,new,0,,Ashley,American_Oxford_5000.pdf,,,,
incarceration,C1,new,0,,Ada,American_Oxford_5000.pdf,,,,
incentive,B2,new,0,,Claire,American_Oxford_5000.pdf,,,,
incidence,C1,new,0,,Jill,American_Oxford_5000.pdf,,,,
inclined,C1,new,0,,Sherry,American_Oxford_5000.pdf,,,,
inclusion,C1,new,0,,Rose,American_Oxford_5000.pdf,,,,
incorporate,B2,new,0,,Grace,American_Oxford_5000.pdf,,,,
incorrect,B2,new,0,,Rebecca,American_Oxford_5000.pdf,,,,
incur,C1,new,0,,Ashley,American_Oxford_5000.pdf,,,,
independence,B2,new,0,,Ada,American_Oxford_5000.pdf,,,,
index,B2,new,0,,Claire,American_Oxford_5000.pdf,,,,
indication,B2,new,0,,Jill,American_Oxford_5000.pdf,,,,
indicator,C1,new,0,,Sherry,American_Oxford_5000.pdf,,,,
indictment,C1,new,0,,Rose,American_Oxford_5000.pdf,,,,
indigenous,C1,new,0,,Grace,American_Oxford_5000.pdf,,,,
induce,C1,new,0,,Rebecca,American_Oxford_5000.pdf,,,,
indulge,C1,new,0,,Ashley,American_Oxford_5000.pdf,,,,
inequality,C1,new,0,,Ada,American_Oxford_5000.pdf,,,,
inevitable,B2,new,0,,Claire,American_Oxford_5000.pdf,,,,
inevitably,B2,new,0,,Jill,American_Oxford_5000.pdf,,,,
infamous,C1,new,0,,Sherry,American_Oxford_5000.pdf,,,,
infant,C1,new,0,,Rose,American_Oxford_5000.pdf,,,,
infect,C1,new,0,,Grace,American_Oxford_5000.pdf,,,,
infer,B2,new,0,,Rebecca,American_Oxford_5000.pdf,,,,
inflation,B2,new,0,,Ashley,American_Oxford_5000.pdf,,,,
inflict,C1,new,0,,Ada,American_Oxford_5000.pdf,,,,
influential,C1,new,0,,Claire,American_Oxford_5000.pdf,,,,
info,B2,new,0,,Jill,American_Oxford_5000.pdf,,,,
infrastructure,B2,new,0,,Sherry,American_Oxford_5000.pdf,,,,
inhabitant,B2,new,0,,Rose,American_Oxford_5000.pdf,,,,
inherent,C1,new,0,,Grace,American_Oxford_5000.pdf,,,,
inherit,B2,new,0,,Rebecca,American_Oxford_5000.pdf,,,,
inhibit,C1,new,0,,Ashley,American_Oxford_5000.pdf,,,,
initiate,C1,new,0,,Ada,American_Oxford_5000.pdf,,,,
inject,C1,new,0,,Claire,American_Oxford_5000.pdf,,,,
injection,C1,new,0,,Jill,American_Oxford_5000.pdf,,,,
injustice,C1,new,0,,Sherry,American_Oxford_5000.pdf,,,,
ink,B2,new,0,,Rose,American_Oxford_5000.pdf,,,,
inmate,C1,new,0,,Grace,American_Oxford_5000.pdf,,,,
innovation,B2,new,0,,Rebecca,American_Oxford_5000.pdf,,,,
innovative,B2,new,0,,Ashley,American_Oxford_5000.pdf,,,,
input,B2,new,0,,Ada,American_Oxford_5000.pdf,,,,
inquire,C1,new,0,,Claire,American_Oxford_5000.pdf,,,,
insert,B2,new,0,,Jill,American_Oxford_5000.pdf,,,,
insertion,C1,new,0,,Sherry,American_Oxford_5000.pdf,,,,
insider,C1,new,0,,Rose,American_Oxford_5000.pdf,,,,
inspect,C1,new,0,,Grace,American_Oxford_5000.pdf,,,,
inspection,C1,new,0,,Rebecca,American_Oxford_5000.pdf,,,,
inspector,B2,new,0,,Ashley,American_Oxford_5000.pdf,,,,
inspiration,C1,new,0,,Ada,American_Oxford_5000.pdf,,,,
installation,B2,new,0,,Claire,American_Oxford_5000.pdf,,,,
instant,B2,new,0,,Jill,American_Oxford_5000.pdf,,,,
instantly,B2,new,0,,Sherry,American_Oxford_5000.pdf,,,,
instinct,C1,new,0,,Rose,American_Oxford_5000.pdf,,,,
institutional,C1,new,0,,Grace,American_Oxford_5000.pdf,,,,
instruct,C1,new,0,,Rebecca,American_Oxford_5000.pdf,,,,
instrumental,C1,new,0,,Ashley,American_Oxford_5000.pdf,,,,
insufficient,C1,new,0,,Ada,American_Oxford_5000.pdf,,,,
insult,C1,new,0,,Claire,American_Oxford_5000.pdf,,,,
intact,C1,new,0,,Jill,American_Oxford_5000.pdf,,,,
intake,C1,new,0,,Sherry,American_Oxford_5000.pdf,,,,
integral,C1,new,0,,Rose,American_Oxford_5000.pdf,,,,
integrate,B2,new,0,,Grace,American_Oxford_5000.pdf,,,,
integrated,C1,new,0,,Rebecca,American_Oxford_5000.pdf,,,,
integration,C1,new,0,,Ashley,American_Oxford_5000.pdf,,,,
integrity,C1,new,0,,Ada,American_Oxford_5000.pdf,,,,
intellectual,B2,new,0,,Claire,American_Oxford_5000.pdf,,,,
intensify,C1,new,0,,Jill,American_Oxford_5000.pdf,,,,
intensity,C1,new,0,,Sherry,American_Oxford_5000.pdf,,,,
intensive,C1,new,0,,Rose,American_Oxford_5000.pdf,,,,
intent,C1,new,0,,Grace,American_Oxford_5000.pdf,,,,
interact,B2,new,0,,Rebecca,American_Oxford_5000.pdf,,,,
interaction,B2,new,0,,Ashley,American_Oxford_5000.pdf,,,,
interactive,C1,new,0,,Ada,American_Oxford_5000.pdf,,,,
interface,C1,new,0,,Claire,American_Oxford_5000.pdf,,,,
interfere,C1,new,0,,Jill,American_Oxford_5000.pdf,,,,
interference,C1,new,0,,Sherry,American_Oxford_5000.pdf,,,,
interim,C1,new,0,,Rose,American_Oxford_5000.pdf,,,,
interior,C1,new,0,,Grace,American_Oxford_5000.pdf,,,,
intermediate,C1,new,0,,Rebecca,American_Oxford_5000.pdf,,,,
interpretation,B2,new,0,,Ashley,American_Oxford_5000.pdf,,,,
intersection,C1,new,0,,Ada,American_Oxford_5000.pdf,,,,
interval,B2,new,0,,Claire,American_Oxford_5000.pdf,,,,
intervene,C1,new,0,,Jill,American_Oxford_5000.pdf,,,,
intervention,C1,new,0,,Sherry,American_Oxford_5000.pdf,,,,
intimate,C1,new,0,,Rose,American_Oxford_5000.pdf,,,,
intriguing,C1,new,0,,Grace,American_Oxford_5000.pdf,,,,
invade,B2,new,0,,Rebecca,American_Oxford_5000.pdf,,,,
invasion,B2,new,0,,Ashley,American_Oxford_5000.pdf,,,,
inventory,C1,new,0,,Ada,American_Oxford_5000.pdf,,,,
investigator,C1,new,0,,Claire,American_Oxford_5000.pdf,,,,
investor,B2,new,0,,Jill,American_Oxford_5000.pdf,,,,
invisible,C1,new,0,,Sherry,American_Oxford_5000.pdf,,,,
invoke,C1,new,0,,Rose,American_Oxford_5000.pdf,,,,
involvement,C1,new,0,,Grace,American_Oxford_5000.pdf,,,,
ironic,C1,new,0,,Rebecca,American_Oxford_5000.pdf,,,,
ironically,C1,new,0,,Ashley,American_Oxford_5000.pdf,,,,
irony,C1,new,0,,Ada,American_Oxford_5000.pdf,,,,
irrelevant,C1,new,0,,Claire,American_Oxford_5000.pdf,,,,
isolate,B2,new,0,,Jill,American_Oxford_5000.pdf,,,,
isolated,B2,new,0,,Sherry,American_Oxford_5000.pdf,,,,
isolation,C1,new,0,,Rose,American_Oxford_5000.pdf,,,,
jail,B2,new,0,,Grace,American_Oxford_5000.pdf,,,,
jet,B2,new,0,,Rebecca,American_Oxford_5000.pdf,,,,
joint,B2,new,0,,Ashley,American_Oxford_5000.pdf,,,,
journalism,B2,new,0,,Ada,American_Oxford_5000.pdf,,,,
judicial,C1,new,0,,Claire,American_Oxford_5000.pdf,,,,
jurisdiction,C1,new,0,,Jill,American_Oxford_5000.pdf,,,,
jury,B2,new,0,,Sherry,American_Oxford_5000.pdf,,,,
just,C1,new,0,,Rose,American_Oxford_5000.pdf,,,,
justification,C1,new,0,,Grace,American_Oxford_5000.pdf,,,,
keen,C1,new,0,,Rebecca,American_Oxford_5000.pdf,,,,
kidnap,C1,new,0,,Ashley,American_Oxford_5000.pdf,,,,
kidney,C1,new,0,,Ada,American_Oxford_5000.pdf,,,,
kindergarten,B2,new,0,,Claire,American_Oxford_5000.pdf,,,,
kingdom,C1,new,0,,Jill,American_Oxford_5000.pdf,,,,
kit,B2,new,0,,Sherry,American_Oxford_5000.pdf,,,,
ladder,B2,new,0,,Rose,American_Oxford_5000.pdf,,,,
landing,B2,new,0,,Grace,American_Oxford_5000.pdf,,,,
landlord,C1,new,0,,Rebecca,American_Oxford_5000.pdf,,,,
landmark,C1,new,0,,Ashley,American_Oxford_5000.pdf,,,,
lane,B2,new,0,,Ada,American_Oxford_5000.pdf,,,,
lap,C1,new,0,,Claire,American_Oxford_5000.pdf,,,,
large-scale,C1,new,0,,Jill,American_Oxford_5000.pdf,,,,
laser,C1,new,0,,Sherry,American_Oxford_5000.pdf,,,,
lately,B2,new,0,,Rose,American_Oxford_5000.pdf,,,,
latter,C1,new,0,,Grace,American_Oxford_5000.pdf,,,,
lawmaker,C1,new,0,,Rebecca,American_Oxford_5000.pdf,,,,
lawn,C1,new,0,,Ashley,American_Oxford_5000.pdf,,,,
lawsuit,C1,new,0,,Ada,American_Oxford_5000.pdf,,,,
layout,C1,new,0,,Claire,American_Oxford_5000.pdf,,,,
leak,C1,new,0,,Jill,American_Oxford_5000.pdf,,,,
leap,C1,new,0,,Sherry,American_Oxford_5000.pdf,,,,
legacy,C1,new,0,,Rose,American_Oxford_5000.pdf,,,,
legend,B2,new,0,,Grace,American_Oxford_5000.pdf,,,,
legendary,C1,new,0,,Rebecca,American_Oxford_5000.pdf,,,,
legislation,C1,new,0,,Ashley,American_Oxford_5000.pdf,,,,
legislative,C1,new,0,,Ada,American_Oxford_5000.pdf,,,,
legislature,C1,new,0,,Claire,American_Oxford_5000.pdf,,,,
legitimate,C1,new,0,,Jill,American_Oxford_5000.pdf,,,,
lengthy,C1,new,0,,Sherry,American_Oxford_5000.pdf,,,,
lens,B2,new,0,,Rose,American_Oxford_5000.pdf,,,,
lesbian,C1,new,0,,Grace,American_Oxford_5000.pdf,,,,
lesser,C1,new,0,,Rebecca,American_Oxford_5000.pdf,,,,
lethal,C1,new,0,,Ashley,American_Oxford_5000.pdf,,,,
liable,C1,new,0,,Ada,American_Oxford_5000.pdf,,,,
liberal,C1,new,0,,Claire,American_Oxford_5000.pdf,,,,
liberation,C1,new,0,,Jill,American_Oxford_5000.pdf,,,,
liberty,C1,new,0,,Sherry,American_Oxford_5000.pdf,,,,
lifelong,C1,new,0,,Rose,American_Oxford_5000.pdf,,,,
lifetime,B2,new,0,,Grace,American_Oxford_5000.pdf,,,,
lighting,B2,new,0,,Rebecca,American_Oxford_5000.pdf,,,,
likelihood,C1,new,0,,Ashley,American_Oxford_5000.pdf,,,,
likewise,B2,new,0,,Ada,American_Oxford_5000.pdf,,,,
limb,C1,new,0,,Claire,American_Oxford_5000.pdf,,,,
limitation,B2,new,0,,Jill,American_Oxford_5000.pdf,,,,
linear,C1,new,0,,Sherry,American_Oxford_5000.pdf,,,,
lineup,C1,new,0,,Rose,American_Oxford_5000.pdf,,,,
linger,C1,new,0,,Grace,American_Oxford_5000.pdf,,,,
listing,C1,new,0,,Rebecca,American_Oxford_5000.pdf,,,,
liter,C1,new,0,,Ashley,American_Oxford_5000.pdf,,,,
literacy,C1,new,0,,Ada,American_Oxford_5000.pdf,,,,
literally,B2,new,0,,Claire,American_Oxford_5000.pdf,,,,
literary,B2,new,0,,Jill,American_Oxford_5000.pdf,,,,
litter,B2,new,0,,Sherry,American_Oxford_5000.pdf,,,,
liver,C1,new,0,,Rose,American_Oxford_5000.pdf,,,,
lobby,C1,new,0,,Grace,American_Oxford_5000.pdf,,,,
log,C1,new,0,,Rebecca,American_Oxford_5000.pdf,,,,
logic,C1,new,0,,Ashley,American_Oxford_5000.pdf,,,,
logo,B2,new,0,,Ada,American_Oxford_5000.pdf,,,,
long-standing,C1,new,0,,Claire,American_Oxford_5000.pdf,,,,
longtime,C1,new,0,,Jill,American_Oxford_5000.pdf,,,,
loom,C1,new,0,,Sherry,American_Oxford_5000.pdf,,,,
loop,C1,new,0,,Rose,American_Oxford_5000.pdf,,,,
lottery,B2,new,0,,Grace,American_Oxford_5000.pdf,,,,
loyal,B2,new,0,,Rebecca,American_Oxford_5000.pdf,,,,
loyalty,C1,new,0,,Ashley,American_Oxford_5000.pdf,,,,
lyric,B2,new,0,,Ada,American_Oxford_5000.pdf,,,,
machinery,C1,new,0,,Claire,American_Oxford_5000.pdf,,,,
magical,C1,new,0,,Jill,American_Oxford_5000.pdf,,,,
magnetic,C1,new,0,,Sherry,American_Oxford_5000.pdf,,,,
magnificent,B2,new,0,,Rose,American_Oxford_5000.pdf,,,,
magnitude,C1,new,0,,Grace,American_Oxford_5000.pdf,,,,
mainland,C1,new,0,,Rebecca,American_Oxford_5000.pdf,,,,
mainstream,C1,new,0,,Ashley,American_Oxford_5000.pdf,,,,
maintenance,C1,new,0,,Ada,American_Oxford_5000.pdf,,,,
makeup,B2,new,0,,Claire,American_Oxford_5000.pdf,,,,
making,B2,new,0,,Jill,American_Oxford_5000.pdf,,,,
mandate,C1,new,0,,Sherry,American_Oxford_5000.pdf,,,,
mandatory,C1,new,0,,Rose,American_Oxford_5000.pdf,,,,
manifest,C1,new,0,,Grace,American_Oxford_5000.pdf,,,,
manipulate,C1,new,0,,Rebecca,American_Oxford_5000.pdf,,,,
manipulation,C1,new,0,,Ashley,American_Oxford_5000.pdf,,,,
manufacture,B2,new,0,,Ada,American_Oxford_5000.pdf,,,,
manufacturing,B2,new,0,,Claire,American_Oxford_5000.pdf,,,,
manuscript,C1,new,0,,Jill,American_Oxford_5000.pdf,,,,
marathon,B2,new,0,,Sherry,American_Oxford_5000.pdf,,,,
march,C1,new,0,,Rose,American_Oxford_5000.pdf,,,,
margin,B2,new,0,,Grace,American_Oxford_5000.pdf,,,,
marginal,C1,new,0,,Rebecca,American_Oxford_5000.pdf,,,,
marine,C1,new,0,,Ashley,American_Oxford_5000.pdf,,,,
marker,B2,new,0,,Ada,American_Oxford_5000.pdf,,,,
marketplace,C1,new,0,,Claire,American_Oxford_5000.pdf,,,,
martial,B2,new,0,,Jill,American_Oxford_5000.pdf,,,,
mask,C1,new,0,,Sherry,American_Oxford_5000.pdf,,,,
massacre,C1,new,0,,Rose,American_Oxford_5000.pdf,,,,
mate,B2,new,0,,Grace,American_Oxford_5000.pdf,,,,
mathematical,C1,new,0,,Rebecca,American_Oxford_5000.pdf,,,,
mature,C1,new,0,,Ashley,American_Oxford_5000.pdf,,,,
maximize,C1,new,0,,Ada,American_Oxford_5000.pdf,,,,
meaningful,C1,new,0,,Claire,American_Oxford_5000.pdf,,,,
meantime,C1,new,0,,Jill,American_Oxford_5000.pdf,,,,
mechanic,B2,new,0,,Sherry,American_Oxford_5000.pdf,,,,
mechanical,B2,new,0,,Rose,American_Oxford_5000.pdf,,,,
mechanism,B2,new,0,,Grace,American_Oxford_5000.pdf,,,,
medal,B2,new,0,,Rebecca,American_Oxford_5000.pdf,,,,
medication,B2,new,0,,Ashley,American_Oxford_5000.pdf,,,,
medieval,C1,new,0,,Ada,American_Oxford_5000.pdf,,,,
meditation,C1,new,0,,Claire,American_Oxford_5000.pdf,,,,
melody,C1,new,0,,Jill,American_Oxford_5000.pdf,,,,
membership,B2,new,0,,Sherry,American_Oxford_5000.pdf,,,,
memo,C1,new,0,,Rose,American_Oxford_5000.pdf,,,,
memoir,C1,new,0,,Grace,American_Oxford_5000.pdf,,,,
memorable,B2,new,0,,Rebecca,American_Oxford_5000.pdf,,,,
memorial,C1,new,0,,Ashley,American_Oxford_5000.pdf,,,,
mentor,C1,new,0,,Ada,American_Oxford_5000.pdf,,,,
merchant,C1,new,0,,Claire,American_Oxford_5000.pdf,,,,
mercy,C1,new,0,,Jill,American_Oxford_5000.pdf,,,,
mere,C1,new,0,,Sherry,American_Oxford_5000.pdf,,,,
merely,C1,new,0,,Rose,American_Oxford_5000.pdf,,,,
merge,C1,new,0,,Grace,American_Oxford_5000.pdf,,,,
merger,C1,new,0,,Rebecca,American_Oxford_5000.pdf,,,,
merit,C1,new,0,,Ashley,American_Oxford_5000.pdf,,,,
metaphor,B2,new,0,,Ada,American_Oxford_5000.pdf,,,,
methodology,C1,new,0,,Claire,American_Oxford_5000.pdf,,,,
midst,C1,new,0,,Jill,American_Oxford_5000.pdf,,,,
migration,C1,new,0,,Sherry,American_Oxford_5000.pdf,,,,
militant,C1,new,0,,Rose,American_Oxford_5000.pdf,,,,
militia,C1,new,0,,Grace,American_Oxford_5000.pdf,,,,
mill,C1,new,0,,Rebecca,American_Oxford_5000.pdf,,,,
miner,B2,new,0,,Ashley,American_Oxford_5000.pdf,,,,
minimal,C1,new,0,,Ada,American_Oxford_5000.pdf,,,,
minimize,C1,new,0,,Claire,American_Oxford_5000.pdf,,,,
mining,C1,new,0,,Jill,American_Oxford_5000.pdf,,,,
ministry,C1,new,0,,Sherry,American_Oxford_5000.pdf,,,,
minute,C1,new,0,,Rose,American_Oxford_5000.pdf,,,,
miracle,C1,new,0,,Grace,American_Oxford_5000.pdf,,,,
miserable,B2,new,0,,Rebecca,American_Oxford_5000.pdf,,,,
misery,C1,new,0,,Ashley,American_Oxford_5000.pdf,,,,
misleading,C1,new,0,,Ada,American_Oxford_5000.pdf,,,,
missile,C1,new,0,,Claire,American_Oxford_5000.pdf,,,,
mob,C1,new,0,,Jill,American_Oxford_5000.pdf,,,,
mobile,C1,new,0,,Sherry,American_Oxford_5000.pdf,,,,
mobility,C1,new,0,,Rose,American_Oxford_5000.pdf,,,,
mobilize,C1,new,0,,Grace,American_Oxford_5000.pdf,,,,
mode,B2,new,0,,Rebecca,American_Oxford_5000.pdf,,,,
moderate,C1,new,0,,Ashley,American_Oxford_5000.pdf,,,,
modest,B2,new,0,,Ada,American_Oxford_5000.pdf,,,,
modification,C1,new,0,,Claire,American_Oxford_5000.pdf,,,,
module,C1,new,0,,Jill,American_Oxford_5000.pdf,,,,
momentum,C1,new,0,,Sherry,American_Oxford_5000.pdf,,,,
monk,C1,new,0,,Rose,American_Oxford_5000.pdf,,,,
monopoly,C1,new,0,,Grace,American_Oxford_5000.pdf,,,,
monster,B2,new,0,,Rebecca,American_Oxford_5000.pdf,,,,
monthly,B2,new,0,,Ashley,American_Oxford_5000.pdf,,,,
monument,B2,new,0,,Ada,American_Oxford_5000.pdf,,,,
morality,C1,new,0,,Claire,American_Oxford_5000.pdf,,,,
moreover,B2,new,0,,Jill,American_Oxford_5000.pdf,,,,
mortgage,B2,new,0,,Sherry,American_Oxford_5000.pdf,,,,
mosque,B2,new,0,,Rose,American_Oxford_5000.pdf,,,,
mosquito,B2,new,0,,Grace,American_Oxford_5000.pdf,,,,
motion,B2,new,0,,Rebecca,American_Oxford_5000.pdf,,,,
motivate,B2,new,0,,Ashley,American_Oxford_5000.pdf,,,,
motivation,B2,new,0,,Ada,American_Oxford_5000.pdf,,,,
motive,C1,new,0,,Claire,American_Oxford_5000.pdf,,,,
moving,B2,new,0,,Jill,American_Oxford_5000.pdf,,,,
municipal,C1,new,0,,Sherry,American_Oxford_5000.pdf,,,,
mutual,C1,new,0,,Rose,American_Oxford_5000.pdf,,,,
myth,B2,new,0,,Grace,American_Oxford_5000.pdf,,,,
naked,B2,new,0,,Rebecca,American_Oxford_5000.pdf,,,,
namely,C1,new,0,,Ashley,American_Oxford_5000.pdf,,,,
nasty,B2,new,0,,Ada,American_Oxford_5000.pdf,,,,
nationwide,C1,new,0,,Claire,American_Oxford_5000.pdf,,,,
naval,C1,new,0,,Jill,American_Oxford_5000.pdf,,,,
navigation,B2,new,0,,Sherry,American_Oxford_5000.pdf,,,,
nearby,B2,new,0,,Rose,American_Oxford_5000.pdf,,,,
necessity,B2,new,0,,Grace,American_Oxford_5000.pdf,,,,
neglect,C1,new,0,,Rebecca,American_Oxford_5000.pdf,,,,
negotiate,B2,new,0,,Ashley,American_Oxford_5000.pdf,,,,
negotiation,B2,new,0,,Ada,American_Oxford_5000.pdf,,,,
neighboring,C1,new,0,,Claire,American_Oxford_5000.pdf,,,,
nest,C1,new,0,,Jill,American_Oxford_5000.pdf,,,,
net,C1,new,0,,Sherry,American_Oxford_5000.pdf,,,,
neutral,B2,new,0,,Rose,American_Oxford_5000.pdf,,,,
newly,B2,new,0,,Grace,American_Oxford_5000.pdf,,,,
newsletter,C1,new,0,,Rebecca,American_Oxford_5000.pdf,,,,
niche,C1,new,0,,Ashley,American_Oxford_5000.pdf,,,,
nickel,B2,new,0,,Ada,American_Oxford_5000.pdf,,,,
noble,C1,new,0,,Claire,American_Oxford_5000.pdf,,,,
nod,C1,new,0,,Jill,American_Oxford_5000.pdf,,,,
nominate,C1,new,0,,Sherry,American_Oxford_5000.pdf,,,,
nomination,C1,new,0,,Rose,American_Oxford_5000.pdf,,,,
nominee,C1,new,0,,Grace,American_Oxford_5000.pdf,,,,
nonetheless,C1,new,0,,Rebecca,American_Oxford_5000.pdf,,,,
nonprofit,C1,new,0,,Ashley,American_Oxford_5000.pdf,,,,
nonsense,C1,new,0,,Ada,American_Oxford_5000.pdf,,,,
noon,C1,new,0,,Claire,American_Oxford_5000.pdf,,,,
norm,B2,new,0,,Jill,American_Oxford_5000.pdf,,,,
notable,C1,new,0,,Sherry,American_Oxford_5000.pdf,,,,
notably,C1,new,0,,Rose,American_Oxford_5000.pdf,,,,
notebook,B2,new,0,,Grace,American_Oxford_5000.pdf,,,,
notify,C1,new,0,,Rebecca,American_Oxford_5000.pdf,,,,
notorious,C1,new,0,,Ashley,American_Oxford_5000.pdf,,,,
novel,C1,new,0,,Ada,American_Oxford_5000.pdf,,,,
novelist,B2,new,0,,Claire,American_Oxford_5000.pdf,,,,
nowadays,B2,new,0,,Jill,American_Oxford_5000.pdf,,,,
nursery,C1,new,0,,Sherry,American_Oxford_5000.pdf,,,,
nursing,B2,new,0,,Rose,American_Oxford_5000.pdf,,,,
nutrition,B2,new,0,,Grace,American_Oxford_5000.pdf,,,,
obesity,B2,new,0,,Rebecca,American_Oxford_5000.pdf,,,,
objection,C1,new,0,,Ashley,American_Oxford_5000.pdf,,,,
oblige,C1,new,0,,Ada,American_Oxford_5000.pdf,,,,
observer,B2,new,0,,Claire,American_Oxford_5000.pdf,,,,
obsess,C1,new,0,,Jill,American_Oxford_5000.pdf,,,,
obsession,C1,new,0,,Sherry,American_Oxford_5000.pdf,,,,
obstacle,B2,new,0,,Rose,American_Oxford_5000.pdf,,,,
occasional,C1,new,0,,Grace,American_Oxford_5000.pdf,,,,
occupation,B2,new,0,,Rebecca,American_Oxford_5000.pdf,,,,
occupy,B2,new,0,,Ashley,American_Oxford_5000.pdf,,,,
occurrence,C1,new,0,,Ada,American_Oxford_5000.pdf,,,,
odds,C1,new,0,,Claire,American_Oxford_5000.pdf,,,,
offender,B2,new,0,,Jill,American_Oxford_5000.pdf,,,,
offering,C1,new,0,,Sherry,American_Oxford_5000.pdf,,,,
offspring,C1,new,0,,Rose,American_Oxford_5000.pdf,,,,
ongoing,B2,new,0,,Grace,American_Oxford_5000.pdf,,,,
openly,B2,new,0,,Rebecca,American_Oxford_5000.pdf,,,,
opera,B2,new,0,,Ashley,American_Oxford_5000.pdf,,,,
operational,C1,new,0,,Ada,American_Oxford_5000.pdf,,,,
operator,B2,new,0,,Claire,American_Oxford_5000.pdf,,,,
opt,C1,new,0,,Jill,American_Oxford_5000.pdf,,,,
optical,C1,new,0,,Sherry,American_Oxford_5000.pdf,,,,
optimism,C1,new,0,,Rose,American_Oxford_5000.pdf,,,,
optimistic,B2,new,0,,Grace,American_Oxford_5000.pdf,,,,
oral,C1,new,0,,Rebecca,American_Oxford_5000.pdf,,,,
orchestra,B2,new,0,,Ashley,American_Oxford_5000.pdf,,,,
organic,B2,new,0,,Ada,American_Oxford_5000.pdf,,,,
organizational,C1,new,0,,Claire,American_Oxford_5000.pdf,,,,
orientation,C1,new,0,,Jill,American_Oxford_5000.pdf,,,,
originate,C1,new,0,,Sherry,American_Oxford_5000.pdf,,,,
outbreak,C1,new,0,,Rose,American_Oxford_5000.pdf,,,,
outfit,B2,new,0,,Grace,American_Oxford_5000.pdf,,,,
outing,C1,new,0,,Rebecca,American_Oxford_5000.pdf,,,,
outlet,C1,new,0,,Ashley,American_Oxford_5000.pdf,,,,
outlook,C1,new,0,,Ada,American_Oxford_5000.pdf,,,,
output,B2,new,0,,Claire,American_Oxford_5000.pdf,,,,
outrage,C1,new,0,,Jill,American_Oxford_5000.pdf,,,,
outsider,C1,new,0,,Sherry,American_Oxford_5000.pdf,,,,
outstanding,B2,new,0,,Rose,American_Oxford_5000.pdf,,,,
overcome,B2,new,0,,Grace,American_Oxford_5000.pdf,,,,
overlook,C1,new,0,,Rebecca,American_Oxford_5000.pdf,,,,
overly,C1,new,0,,Ashley,American_Oxford_5000.pdf,,,,
overnight,B2,new,0,,Ada,American_Oxford_5000.pdf,,,,
oversee,C1,new,0,,Claire,American_Oxford_5000.pdf,,,,
overturn,C1,new,0,,Jill,American_Oxford_5000.pdf,,,,
overwhelm,C1,new,0,,Sherry,American_Oxford_5000.pdf,,,,
overwhelming,C1,new,0,,Rose,American_Oxford_5000.pdf,,,,
ownership,B2,new,0,,Grace,American_Oxford_5000.pdf,,,,
oxygen,B2,new,0,,Rebecca,American_Oxford_5000.pdf,,,,
packet,B2,new,0,,Ashley,American_Oxford_5000.pdf,,,,
pad,C1,new,0,,Ada,American_Oxford_5000.pdf,,,,
palm,B2,new,0,,Claire,American_Oxford_5000.pdf,,,,
panic,B2,new,0,,Jill,American_Oxford_5000.pdf,,,,
parade,B2,new,0,,Sherry,American_Oxford_5000.pdf,,,,
parallel,B2,new,0,,Rose,American_Oxford_5000.pdf,,,,
parameter,C1,new,0,,Grace,American_Oxford_5000.pdf,,,,
parental,C1,new,0,,Rebecca,American_Oxford_5000.pdf,,,,
parliament,C1,new,0,,Ashley,American_Oxford_5000.pdf,,,,
partial,C1,new,0,,Ada,American_Oxford_5000.pdf,,,,
partially,C1,new,0,,Claire,American_Oxford_5000.pdf,,,,
participation,B2,new,0,,Jill,American_Oxford_5000.pdf,,,,
partnership,B2,new,0,,Sherry,American_Oxford_5000.pdf,,,,
part-time,B2,new,0,,Rose,American_Oxford_5000.pdf,,,,
passing,C1,new,0,,Grace,American_Oxford_5000.pdf,,,,
passionate,B2,new,0,,Rebecca,American_Oxford_5000.pdf,,,,
passive,C1,new,0,,Ashley,American_Oxford_5000.pdf,,,,
password,B2,new,0,,Ada,American_Oxford_5000.pdf,,,,
pastor,C1,new,0,,Claire,American_Oxford_5000.pdf,,,,
patch,B2,new,0,,Jill,American_Oxford_5000.pdf,,,,
patent,C1,new,0,,Sherry,American_Oxford_5000.pdf,,,,
pathway,C1,new,0,,Rose,American_Oxford_5000.pdf,,,,
patience,B2,new,0,,Grace,American_Oxford_5000.pdf,,,,
patrol,C1,new,0,,Rebecca,American_Oxford_5000.pdf,,,,
patron,C1,new,0,,Ashley,American_Oxford_5000.pdf,,,,
pause,B2,new,0,,Ada,American_Oxford_5000.pdf,,,,
peak,C1,new,0,,Claire,American_Oxford_5000.pdf,,,,
peasant,C1,new,0,,Jill,American_Oxford_5000.pdf,,,,
peculiar,C1,new,0,,Sherry,American_Oxford_5000.pdf,,,,
peer,B2,new,0,,Rose,American_Oxford_5000.pdf,,,,
penalty,B2,new,0,,Grace,American_Oxford_5000.pdf,,,,
pension,C1,new,0,,Rebecca,American_Oxford_5000.pdf,,,,
perceive,B2,new,0,,Ashley,American_Oxford_5000.pdf,,,,
perception,B2,new,0,,Ada,American_Oxford_5000.pdf,,,,
permanently,B2,new,0,,Claire,American_Oxford_5000.pdf,,,,
persist,C1,new,0,,Jill,American_Oxford_5000.pdf,,,,
persistent,C1,new,0,,Sherry,American_Oxford_5000.pdf,,,,
personnel,C1,new,0,,Rose,American_Oxford_5000.pdf,,,,
petition,C1,new,0,,Grace,American_Oxford_5000.pdf,,,,
philosopher,C1,new,0,,Rebecca,American_Oxford_5000.pdf,,,,
philosophical,C1,new,0,,Ashley,American_Oxford_5000.pdf,,,,
physician,B2,new,0,,Ada,American_Oxford_5000.pdf,,,,
pill,B2,new,0,,Claire,American_Oxford_5000.pdf,,,,
pioneer,C1,new,0,,Jill,American_Oxford_5000.pdf,,,,
pipeline,C1,new,0,,Sherry,American_Oxford_5000.pdf,,,,
pirate,C1,new,0,,Rose,American_Oxford_5000.pdf,,,,
pit,C1,new,0,,Grace,American_Oxford_5000.pdf,,,,
pity,B2,new,0,,Rebecca,American_Oxford_5000.pdf,,,,
placement,B2,new,0,,Ashley,American_Oxford_5000.pdf,,,,
plea,C1,new,0,,Ada,American_Oxford_5000.pdf,,,,
plead,C1,new,0,,Claire,American_Oxford_5000.pdf,,,,
pledge,C1,new,0,,Jill,American_Oxford_5000.pdf,,,,
plug,C1,new,0,,Sherry,American_Oxford_5000.pdf,,,,
plunge,C1,new,0,,Rose,American_Oxford_5000.pdf,,,,
pole,C1,new,0,,Grace,American_Oxford_5000.pdf,,,,
poll,C1,new,0,,Rebecca,American_Oxford_5000.pdf,,,,
pond,C1,new,0,,Ashley,American_Oxford_5000.pdf,,,,
pop,C1,new,0,,Ada,American_Oxford_5000.pdf,,,,
portfolio,C1,new,0,,Claire,American_Oxford_5000.pdf,,,,
portion,B2,new,0,,Jill,American_Oxford_5000.pdf,,,,
portray,C1,new,0,,Sherry,American_Oxford_5000.pdf,,,,
postpone,C1,new,0,,Rose,American_Oxford_5000.pdf,,,,
postwar,C1,new,0,,Grace,American_Oxford_5000.pdf,,,,
potentially,B2,new,0,,Rebecca,American_Oxford_5000.pdf,,,,
practitioner,C1,new,0,,Ashley,American_Oxford_5000.pdf,,,,
preach,C1,new,0,,Ada,American_Oxford_5000.pdf,,,,
precede,B2,new,0,,Claire,American_Oxford_5000.pdf,,,,
precedent,C1,new,0,,Jill,American_Oxford_5000.pdf,,,,
precious,B2,new,0,,Sherry,American_Oxford_5000.pdf,,,,
precise,B2,new,0,,Rose,American_Oxford_5000.pdf,,,,
precisely,B2,new,0,,Grace,American_Oxford_5000.pdf,,,,
precision,C1,new,0,,Rebecca,American_Oxford_5000.pdf,,,,
predator,C1,new,0,,Ashley,American_Oxford_5000.pdf,,,,
predecessor,C1,new,0,,Ada,American_Oxford_5000.pdf,,,,
predictable,B2,new,0,,Claire,American_Oxford_5000.pdf,,,,
predominantly,C1,new,0,,Jill,American_Oxford_5000.pdf,,,,
preference,B2,new,0,,Sherry,American_Oxford_5000.pdf,,,,
pregnancy,C1,new,0,,Rose,American_Oxford_5000.pdf,,,,
prejudice,C1,new,0,,Grace,American_Oxford_5000.pdf,,,,
preliminary,C1,new,0,,Rebecca,American_Oxford_5000.pdf,,,,
premier,C1,new,0,,Ashley,American_Oxford_5000.pdf,,,,
premise,C1,new,0,,Ada,American_Oxford_5000.pdf,,,,
premium,C1,new,0,,Claire,American_Oxford_5000.pdf,,,,
prescribe,C1,new,0,,Jill,American_Oxford_5000.pdf,,,,
prescription,C1,new,0,,Sherry,American_Oxford_5000.pdf,,,,
presently,C1,new,0,,Rose,American_Oxford_5000.pdf,,,,
preservation,C1,new,0,,Grace,American_Oxford_5000.pdf,,,,
preside,C1,new,0,,Rebecca,American_Oxford_5000.pdf,,,,
presidency,C1,new,0,,Ashley,American_Oxford_5000.pdf,,,,
presidential,B2,new,0,,Ada,American_Oxford_5000.pdf,,,,
prestigious,C1,new,0,,Claire,American_Oxford_5000.pdf,,,,
presumably,C1,new,0,,Jill,American_Oxford_5000.pdf,,,,
presume,C1,new,0,,Sherry,American_Oxford_5000.pdf,,,,
prevail,C1,new,0,,Rose,American_Oxford_5000.pdf,,,,
prevalence,C1,new,0,,Grace,American_Oxford_5000.pdf,,,,
prevention,C1,new,0,,Rebecca,American_Oxford_5000.pdf,,,,
prey,C1,new,0,,Ashley,American_Oxford_5000.pdf,,,,
pride,B2,new,0,,Ada,American_Oxford_5000.pdf,,,,
primarily,B2,new,0,,Claire,American_Oxford_5000.pdf,,,,
principal,B2,new,0,,Jill,American_Oxford_5000.pdf,,,,
prior,B2,new,0,,Sherry,American_Oxford_5000.pdf,,,,
privatization,C1,new,0,,Rose,American_Oxford_5000.pdf,,,,
privilege,C1,new,0,,Grace,American_Oxford_5000.pdf,,,,
probability,B2,new,0,,Rebecca,American_Oxford_5000.pdf,,,,
probable,B2,new,0,,Ashley,American_Oxford_5000.pdf,,,,
probe,C1,new,0,,Ada,American_Oxford_5000.pdf,,,,
problematic,C1,new,0,,Claire,American_Oxford_5000.pdf,,,,
proceed,B2,new,0,,Jill,American_Oxford_5000.pdf,,,,
proceeding,C1,new,0,,Sherry,American_Oxford_5000.pdf,,,,
proceeds,C1,new,0,,Rose,American_Oxford_5000.pdf,,,,
processing,C1,new,0,,Grace,American_Oxford_5000.pdf,,,,
processor,C1,new,0,,Rebecca,American_Oxford_5000.pdf,,,,
proclaim,C1,new,0,,Ashley,American_Oxford_5000.pdf,,,,
productive,C1,new,0,,Ada,American_Oxford_5000.pdf,,,,
productivity,C1,new,0,,Claire,American_Oxford_5000.pdf,,,,
profitable,C1,new,0,,Jill,American_Oxford_5000.pdf,,,,
profound,C1,new,0,,Sherry,American_Oxford_5000.pdf,,,,
programming,B2,new,0,,Rose,American_Oxford_5000.pdf,,,,
progressive,B2,new,0,,Grace,American_Oxford_5000.pdf,,,,
prohibit,B2,new,0,,Rebecca,American_Oxford_5000.pdf,,,,
projection,C1,new,0,,Ashley,American_Oxford_5000.pdf,,,,
prominent,C1,new,0,,Ada,American_Oxford_5000.pdf,,,,
promising,B2,new,0,,Claire,American_Oxford_5000.pdf,,,,
promotion,B2,new,0,,Jill,American_Oxford_5000.pdf,,,,
prompt,B2,new,0,,Sherry,American_Oxford_5000.pdf,,,,
pronounced,C1,new,0,,Rose,American_Oxford_5000.pdf,,,,
propaganda,C1,new,0,,Grace,American_Oxford_5000.pdf,,,,
proportion,B2,new,0,,Rebecca,American_Oxford_5000.pdf,,,,
proposition,C1,new,0,,Ashley,American_Oxford_5000.pdf,,,,
prosecute,C1,new,0,,Ada,American_Oxford_5000.pdf,,,,
prosecution,C1,new,0,,Claire,American_Oxford_5000.pdf,,,,
prosecutor,C1,new,0,,Jill,American_Oxford_5000.pdf,,,,
prospective,C1,new,0,,Sherry,American_Oxford_5000.pdf,,,,
prosperity,C1,new,0,,Rose,American_Oxford_5000.pdf,,,,
protective,C1,new,0,,Grace,American_Oxford_5000.pdf,,,,
protein,B2,new,0,,Rebecca,American_Oxford_5000.pdf,,,,
protester,B2,new,0,,Ashley,American_Oxford_5000.pdf,,,,
protocol,C1,new,0,,Ada,American_Oxford_5000.pdf,,,,
province,C1,new,0,,Claire,American_Oxford_5000.pdf,,,,
provincial,C1,new,0,,Jill,American_Oxford_5000.pdf,,,,
provision,C1,new,0,,Sherry,American_Oxford_5000.pdf,,,,
provoke,C1,new,0,,Rose,American_Oxford_5000.pdf,,,,
psychiatric,C1,new,0,,Grace,American_Oxford_5000.pdf,,,,
psychological,B2,new,0,,Rebecca,American_Oxford_5000.pdf,,,,
publicity,B2,new,0,,Ashley,American_Oxford_5000.pdf,,,,
publishing,B2,new,0,,Ada,American_Oxford_5000.pdf,,,,
pulse,C1,new,0,,Claire,American_Oxford_5000.pdf,,,,
pump,C1,new,0,,Jill,American_Oxford_5000.pdf,,,,
punch,C1,new,0,,Sherry,American_Oxford_5000.pdf,,,,
punk,B2,new,0,,Rose,American_Oxford_5000.pdf,,,,
purely,B2,new,0,,Grace,American_Oxford_5000.pdf,,,,
pursuit,B2,new,0,,Rebecca,American_Oxford_5000.pdf,,,,
puzzle,B2,new,0,,Ashley,American_Oxford_5000.pdf,,,,
query,C1,new,0,,Ada,American_Oxford_5000.pdf,,,,
quest,C1,new,0,,Claire,American_Oxford_5000.pdf,,,,
questionnaire,B2,new,0,,Jill,American_Oxford_5000.pdf,,,,
quota,C1,new,0,,Sherry,American_Oxford_5000.pdf,,,,
racial,B2,new,0,,Rose,American_Oxford_5000.pdf,,,,
racism,B2,new,0,,Grace,American_Oxford_5000.pdf,,,,
racist,B2,new,0,,Rebecca,American_Oxford_5000.pdf,,,,
radar,C1,new,0,,Ashley,American_Oxford_5000.pdf,,,,
radiation,B2,new,0,,Ada,American_Oxford_5000.pdf,,,,
radical,C1,new,0,,Claire,American_Oxford_5000.pdf,,,,
rage,C1,new,0,,Jill,American_Oxford_5000.pdf,,,,
raid,C1,new,0,,Sherry,American_Oxford_5000.pdf,,,,
rail,B2,new,0,,Rose,American_Oxford_5000.pdf,,,,
rally,C1,new,0,,Grace,American_Oxford_5000.pdf,,,,
random,B2,new,0,,Rebecca,American_Oxford_5000.pdf,,,,
ranking,C1,new,0,,Ashley,American_Oxford_5000.pdf,,,,
rape,C1,new,0,,Ada,American_Oxford_5000.pdf,,,,
rat,B2,new,0,,Claire,American_Oxford_5000.pdf,,,,
rating,B2,new,0,,Jill,American_Oxford_5000.pdf,,,,
ratio,C1,new,0,,Sherry,American_Oxford_5000.pdf,,,,
rational,C1,new,0,,Rose,American_Oxford_5000.pdf,,,,
ray,C1,new,0,,Grace,American_Oxford_5000.pdf,,,,
readily,C1,new,0,,Rebecca,American_Oxford_5000.pdf,,,,
realization,C1,new,0,,Ashley,American_Oxford_5000.pdf,,,,
realm,C1,new,0,,Ada,American_Oxford_5000.pdf,,,,
rear,C1,new,0,,Claire,American_Oxford_5000.pdf,,,,
reasonably,B2,new,0,,Jill,American_Oxford_5000.pdf,,,,
reasoning,C1,new,0,,Sherry,American_Oxford_5000.pdf,,,,
reassure,C1,new,0,,Rose,American_Oxford_5000.pdf,,,,
rebel,C1,new,0,,Grace,American_Oxford_5000.pdf,,,,
rebellion,C1,new,0,,Rebecca,American_Oxford_5000.pdf,,,,
rebuild,B2,new,0,,Ashley,American_Oxford_5000.pdf,,,,
receiver,B2,new,0,,Ada,American_Oxford_5000.pdf,,,,
recession,B2,new,0,,Claire,American_Oxford_5000.pdf,,,,
recipient,C1,new,0,,Jill,American_Oxford_5000.pdf,,,,
reckon,B2,new,0,,Sherry,American_Oxford_5000.pdf,,,,
recognition,B2,new,0,,Rose,American_Oxford_5000.pdf,,,,
reconstruction,C1,new,0,,Grace,American_Oxford_5000.pdf,,,,
recovery,B2,new,0,,Rebecca,American_Oxford_5000.pdf,,,,
recruit,B2,new,0,,Ashley,American_Oxford_5000.pdf,,,,
recruitment,C1,new,0,,Ada,American_Oxford_5000.pdf,,,,
referee,B2,new,0,,Claire,American_Oxford_5000.pdf,,,,
referendum,C1,new,0,,Jill,American_Oxford_5000.pdf,,,,
reflection,C1,new,0,,Sherry,American_Oxford_5000.pdf,,,,
reform,C1,new,0,,Rose,American_Oxford_5000.pdf,,,,
refuge,C1,new,0,,Grace,American_Oxford_5000.pdf,,,,
refugee,B2,new,0,,Rebecca,American_Oxford_5000.pdf,,,,
refusal,C1,new,0,,Ashley,American_Oxford_5000.pdf,,,,
regain,C1,new,0,,Ada,American_Oxford_5000.pdf,,,,
regardless,C1,new,0,,Claire,American_Oxford_5000.pdf,,,,
regime,C1,new,0,,Jill,American_Oxford_5000.pdf,,,,
registration,B2,new,0,,Sherry,American_Oxford_5000.pdf,,,,
regulate,B2,new,0,,Rose,American_Oxford_5000.pdf,,,,
regulator,C1,new,0,,Grace,American_Oxford_5000.pdf,,,,
regulatory,C1,new,0,,Rebecca,American_Oxford_5000.pdf,,,,
rehabilitation,C1,new,0,,Ashley,American_Oxford_5000.pdf,,,,
reign,C1,new,0,,Ada,American_Oxford_5000.pdf,,,,
reinforce,B2,new,0,,Claire,American_Oxford_5000.pdf,,,,
rejection,C1,new,0,,Jill,American_Oxford_5000.pdf,,,,
relevance,C1,new,0,,Sherry,American_Oxford_5000.pdf,,,,
reliability,C1,new,0,,Rose,American_Oxford_5000.pdf,,,,
relieve,B2,new,0,,Grace,American_Oxford_5000.pdf,,,,
relieved,B2,new,0,,Rebecca,American_Oxford_5000.pdf,,,,
reluctant,C1,new,0,,Ashley,American_Oxford_5000.pdf,,,,
remainder,C1,new,0,,Ada,American_Oxford_5000.pdf,,,,
remains,C1,new,0,,Claire,American_Oxford_5000.pdf,,,,
remarkable,B2,new,0,,Jill,American_Oxford_5000.pdf,,,,
remarkably,B2,new,0,,Sherry,American_Oxford_5000.pdf,,,,
remedy,C1,new,0,,Rose,American_Oxford_5000.pdf,,,,
reminder,C1,new,0,,Grace,American_Oxford_5000.pdf,,,,
removal,C1,new,0,,Rebecca,American_Oxford_5000.pdf,,,,
render,C1,new,0,,Ashley,American_Oxford_5000.pdf,,,,
renew,C1,new,0,,Ada,American_Oxford_5000.pdf,,,,
renowned,C1,new,0,,Claire,American_Oxford_5000.pdf,,,,
rental,C1,new,0,,Jill,American_Oxford_5000.pdf,,,,
replacement,C1,new,0,,Sherry,American_Oxford_5000.pdf,,,,
reportedly,C1,new,0,,Rose,American_Oxford_5000.pdf,,,,
reporting,B2,new,0,,Grace,American_Oxford_5000.pdf,,,,
representation,C1,new,0,,Rebecca,American_Oxford_5000.pdf,,,,
reproduce,C1,new,0,,Ashley,American_Oxford_5000.pdf,,,,
reproduction,C1,new,0,,Ada,American_Oxford_5000.pdf,,,,
republic,C1,new,0,,Claire,American_Oxford_5000.pdf,,,,
resemble,C1,new,0,,Jill,American_Oxford_5000.pdf,,,,
reside,C1,new,0,,Sherry,American_Oxford_5000.pdf,,,,
residence,C1,new,0,,Rose,American_Oxford_5000.pdf,,,,
residential,C1,new,0,,Grace,American_Oxford_5000.pdf,,,,
residue,C1,new,0,,Rebecca,American_Oxford_5000.pdf,,,,
resign,B2,new,0,,Ashley,American_Oxford_5000.pdf,,,,
resignation,C1,new,0,,Ada,American_Oxford_5000.pdf,,,,
resistance,C1,new,0,,Claire,American_Oxford_5000.pdf,,,,
resolution,B2,new,0,,Jill,American_Oxford_5000.pdf,,,,
respective,C1,new,0,,Sherry,American_Oxford_5000.pdf,,,,
respectively,C1,new,0,,Rose,American_Oxford_5000.pdf,,,,
restoration,C1,new,0,,Grace,American_Oxford_5000.pdf,,,,
restore,B2,new,0,,Rebecca,American_Oxford_5000.pdf,,,,
restraint,C1,new,0,,Ashley,American_Oxford_5000.pdf,,,,
restrict,B2,new,0,,Ada,American_Oxford_5000.pdf,,,,
restriction,B2,new,0,,Claire,American_Oxford_5000.pdf,,,,
resume,C1,new,0,,Jill,American_Oxford_5000.pdf,,,,
résumé,B2,new,0,,Sherry,American_Oxford_5000.pdf,,,,
retail,B2,new,0,,Rose,American_Oxford_5000.pdf,,,,
retirement,B2,new,0,,Grace,American_Oxford_5000.pdf,,,,
retreat,C1,new,0,,Rebecca,American_Oxford_5000.pdf,,,,
retrieve,C1,new,0,,Ashley,American_Oxford_5000.pdf,,,,
revelation,C1,new,0,,Ada,American_Oxford_5000.pdf,,,,
revenge,C1,new,0,,Claire,American_Oxford_5000.pdf,,,,
revenue,B2,new,0,,Jill,American_Oxford_5000.pdf,,,,
reverse,C1,new,0,,Sherry,American_Oxford_5000.pdf,,,,
revision,B2,new,0,,Rose,American_Oxford_5000.pdf,,,,
revival,C1,new,0,,Grace,American_Oxford_5000.pdf,,,,
revive,C1,new,0,,Rebecca,American_Oxford_5000.pdf,,,,
revolutionary,C1,new,0,,Ashley,American_Oxford_5000.pdf,,,,
rhetoric,C1,new,0,,Ada,American_Oxford_5000.pdf,,,,
ridiculous,B2,new,0,,Claire,American_Oxford_5000.pdf,,,,
rifle,C1,new,0,,Jill,American_Oxford_5000.pdf,,,,
riot,C1,new,0,,Sherry,American_Oxford_5000.pdf,,,,
rip,C1,new,0,,Rose,American_Oxford_5000.pdf,,,,
risky,B2,new,0,,Grace,American_Oxford_5000.pdf,,,,
ritual,C1,new,0,,Rebecca,American_Oxford_5000.pdf,,,,
rival,B2,new,0,,Ashley,American_Oxford_5000.pdf,,,,
rob,B2,new,0,,Ada,American_Oxford_5000.pdf,,,,
robbery,B2,new,0,,Claire,American_Oxford_5000.pdf,,,,
robust,C1,new,0,,Jill,American_Oxford_5000.pdf,,,,
rock,C1,new,0,,Sherry,American_Oxford_5000.pdf,,,,
rocket,B2,new,0,,Rose,American_Oxford_5000.pdf,,,,
rod,C1,new,0,,Grace,American_Oxford_5000.pdf,,,,
romance,B2,new,0,,Rebecca,American_Oxford_5000.pdf,,,,
rookie,C1,new,0,,Ashley,American_Oxford_5000.pdf,,,,
rose,B2,new,0,,Ada,American_Oxford_5000.pdf,,,,
roster,C1,new,0,,Claire,American_Oxford_5000.pdf,,,,
rotate,C1,new,0,,Jill,American_Oxford_5000.pdf,,,,
rotation,C1,new,0,,Sherry,American_Oxford_5000.pdf,,,,
roughly,B2,new,0,,Rose,American_Oxford_5000.pdf,,,,
ruin,B2,new,0,,Grace,American_Oxford_5000.pdf,,,,
ruling,C1,new,0,,Rebecca,American_Oxford_5000.pdf,,,,
rumor,C1,new,0,,Ashley,American_Oxford_5000.pdf,,,,
sacrifice,C1,new,0,,Ada,American_Oxford_5000.pdf,,,,
saint,C1,new,0,,Claire,American_Oxford_5000.pdf,,,,
sake,C1,new,0,,Jill,American_Oxford_5000.pdf,,,,
sanction,C1,new,0,,Sherry,American_Oxford_5000.pdf,,,,
satisfaction,B2,new,0,,Rose,American_Oxford_5000.pdf,,,,
say,C1,new,0,,Grace,American_Oxford_5000.pdf,,,,
scandal,B2,new,0,,Rebecca,American_Oxford_5000.pdf,,,,
scare,B2,new,0,,Ashley,American_Oxford_5000.pdf,,,,
scattered,C1,new,0,,Ada,American_Oxford_5000.pdf,,,,
scenario,B2,new,0,,Claire,American_Oxford_5000.pdf,,,,
scholar,B2,new,0,,Jill,American_Oxford_5000.pdf,,,,
scholarship,B2,new,0,,Sherry,American_Oxford_5000.pdf,,,,
scope,C1,new,0,,Rose,American_Oxford_5000.pdf,,,,
screening,B2,new,0,,Grace,American_Oxford_5000.pdf,,,,
screw,C1,new,0,,Rebecca,American_Oxford_5000.pdf,,,,
scrutiny,C1,new,0,,Ashley,American_Oxford_5000.pdf,,,,
secondly,C1,new,0,,Ada,American_Oxford_5000.pdf,,,,
secular,C1,new,0,,Claire,American_Oxford_5000.pdf,,,,
seeker,B2,new,0,,Jill,American_Oxford_5000.pdf,,,,
seemingly,C1,new,0,,Sherry,American_Oxford_5000.pdf,,,,
segment,C1,new,0,,Rose,American_Oxford_5000.pdf,,,,
seize,C1,new,0,,Grace,American_Oxford_5000.pdf,,,,
seldom,C1,new,0,,Rebecca,American_Oxford_5000.pdf,,,,
selective,C1,new,0,,Ashley,American_Oxford_5000.pdf,,,,
seminar,B2,new,0,,Ada,American_Oxford_5000.pdf,,,,
sensation,C1,new,0,,Claire,American_Oxford_5000.pdf,,,,
sensitivity,C1,new,0,,Jill,American_Oxford_5000.pdf,,,,
sentiment,C1,new,0,,Sherry,American_Oxford_5000.pdf,,,,
separation,C1,new,0,,Rose,American_Oxford_5000.pdf,,,,
serial,C1,new,0,,Grace,American_Oxford_5000.pdf,,,,
settlement,C1,new,0,,Rebecca,American_Oxford_5000.pdf,,,,
settler,B2,new,0,,Ashley,American_Oxford_5000.pdf,,,,
setup,C1,new,0,,Ada,American_Oxford_5000.pdf,,,,
severely,B2,new,0,,Claire,American_Oxford_5000.pdf,,,,
sexuality,C1,new,0,,Jill,American_Oxford_5000.pdf,,,,
sexy,B2,new,0,,Sherry,American_Oxford_5000.pdf,,,,
shaped,B2,new,0,,Rose,American_Oxford_5000.pdf,,,,
shareholder,C1,new,0,,Grace,American_Oxford_5000.pdf,,,,
shatter,C1,new,0,,Rebecca,American_Oxford_5000.pdf,,,,
shed,C1,new,0,,Ashley,American_Oxford_5000.pdf,,,,
sheer,C1,new,0,,Ada,American_Oxford_5000.pdf,,,,
shipping,C1,new,0,,Claire,American_Oxford_5000.pdf,,,,
shocking,B2,new,0,,Jill,American_Oxford_5000.pdf,,,,
shoot,C1,new,0,,Sherry,American_Oxford_5000.pdf,,,,
shore,B2,new,0,,Rose,American_Oxford_5000.pdf,,,,
shortage,B2,new,0,,Grace,American_Oxford_5000.pdf,,,,
shortly,B2,new,0,,Rebecca,American_Oxford_5000.pdf,,,,
short-term,B2,new,0,,Ashley,American_Oxford_5000.pdf,,,,
shrink,C1,new,0,,Ada,American_Oxford_5000.pdf,,,,
shrug,C1,new,0,,Claire,American_Oxford_5000.pdf,,,,
sibling,B2,new,0,,Jill,American_Oxford_5000.pdf,,,,
sidewalk,B2,new,0,,Sherry,American_Oxford_5000.pdf,,,,
sigh,C1,new,0,,Rose,American_Oxford_5000.pdf,,,,
signature,B2,new,0,,Grace,American_Oxford_5000.pdf,,,,
significance,B2,new,0,,Rebecca,American_Oxford_5000.pdf,,,,
simulate,C1,new,0,,Ashley,American_Oxford_5000.pdf,,,,
simulation,C1,new,0,,Ada,American_Oxford_5000.pdf,,,,
simultaneously,C1,new,0,,Claire,American_Oxford_5000.pdf,,,,
sin,C1,new,0,,Jill,American_Oxford_5000.pdf,,,,
situated,C1,new,0,,Sherry,American_Oxford_5000.pdf,,,,
skeptical,C1,new,0,,Rose,American_Oxford_5000.pdf,,,,
sketch,C1,new,0,,Grace,American_Oxford_5000.pdf,,,,
skilled,B2,new,0,,Rebecca,American_Oxford_5000.pdf,,,,
skip,C1,new,0,,Ashley,American_Oxford_5000.pdf,,,,
skull,B2,new,0,,Ada,American_Oxford_5000.pdf,,,,
slam,C1,new,0,,Claire,American_Oxford_5000.pdf,,,,
slap,C1,new,0,,Jill,American_Oxford_5000.pdf,,,,
slash,C1,new,0,,Sherry,American_Oxford_5000.pdf,,,,
slavery,C1,new,0,,Rose,American_Oxford_5000.pdf,,,,
slogan,B2,new,0,,Grace,American_Oxford_5000.pdf,,,,
slot,C1,new,0,,Rebecca,American_Oxford_5000.pdf,,,,
smash,C1,new,0,,Ashley,American_Oxford_5000.pdf,,,,
snap,C1,new,0,,Ada,American_Oxford_5000.pdf,,,,
soak,C1,new,0,,Claire,American_Oxford_5000.pdf,,,,
soar,C1,new,0,,Jill,American_Oxford_5000.pdf,,,,
so-called,B2,new,0,,Sherry,American_Oxford_5000.pdf,,,,
socialist,C1,new,0,,Rose,American_Oxford_5000.pdf,,,,
sole,C1,new,0,,Grace,American_Oxford_5000.pdf,,,,
solely,C1,new,0,,Rebecca,American_Oxford_5000.pdf,,,,
solidarity,C1,new,0,,Ashley,American_Oxford_5000.pdf,,,,
solo,C1,new,0,,Ada,American_Oxford_5000.pdf,,,,
somehow,B2,new,0,,Claire,American_Oxford_5000.pdf,,,,
sometime,B2,new,0,,Jill,American_Oxford_5000.pdf,,,,
sophisticated,B2,new,0,,Sherry,American_Oxford_5000.pdf,,,,
sophomore,C1,new,0,,Rose,American_Oxford_5000.pdf,,,,
sound,C1,new,0,,Grace,American_Oxford_5000.pdf,,,,
sovereignty,C1,new,0,,Rebecca,American_Oxford_5000.pdf,,,,
spam,C1,new,0,,Ashley,American_Oxford_5000.pdf,,,,
span,C1,new,0,,Ada,American_Oxford_5000.pdf,,,,
spare,B2,new,0,,Claire,American_Oxford_5000.pdf,,,,
spark,C1,new,0,,Jill,American_Oxford_5000.pdf,,,,
specialize,B1,new,0,,Sherry,American_Oxford_5000.pdf,,,,
specialized,C1,new,0,,Rose,American_Oxford_5000.pdf,,,,
specification,C1,new,0,,Grace,American_Oxford_5000.pdf,,,,
specify,B2,new,0,,Rebecca,American_Oxford_5000.pdf,,,,
specimen,C1,new,0,,Ashley,American_Oxford_5000.pdf,,,,
spectacle,C1,new,0,,Ada,American_Oxford_5000.pdf,,,,
spectacular,B2,new,0,,Claire,American_Oxford_5000.pdf,,,,
spectator,B2,new,0,,Jill,American_Oxford_5000.pdf,,,,
spectrum,C1,new,0,,Sherry,American_Oxford_5000.pdf,,,,
speculate,B2,new,0,,Rose,American_Oxford_5000.pdf,,,,
speculation,B2,new,0,,Grace,American_Oxford_5000.pdf,,,,
spell,C1,new,0,,Rebecca,American_Oxford_5000.pdf,,,,
sphere,C1,new,0,,Ashley,American_Oxford_5000.pdf,,,,
spice,B2,new,0,,Ada,American_Oxford_5000.pdf,,,,
spill,B2,new,0,,Claire,American_Oxford_5000.pdf,,,,
spin,C1,new,0,,Jill,American_Oxford_5000.pdf,,,,
spine,C1,new,0,,Sherry,American_Oxford_5000.pdf,,,,
spite,B2,new,0,,Rose,American_Oxford_5000.pdf,,,,
spoil,B2,new,0,,Grace,American_Oxford_5000.pdf,,,,
spokesman,B2,new,0,,Rebecca,American_Oxford_5000.pdf,,,,
spokesperson,B2,new,0,,Ashley,American_Oxford_5000.pdf,,,,
spokeswoman,B2,new,0,,Ada,American_Oxford_5000.pdf,,,,
sponsorship,B2,new,0,,Claire,American_Oxford_5000.pdf,,,,
spotlight,C1,new,0,,Jill,American_Oxford_5000.pdf,,,,
spouse,C1,new,0,,Sherry,American_Oxford_5000.pdf,,,,
spy,C1,new,0,,Rose,American_Oxford_5000.pdf,,,,
squad,C1,new,0,,Grace,American_Oxford_5000.pdf,,,,
squeeze,C1,new,0,,Rebecca,American_Oxford_5000.pdf,,,,
stab,C1,new,0,,Ashley,American_Oxford_5000.pdf,,,,
stability,C1,new,0,,Ada,American_Oxford_5000.pdf,,,,
stabilize,C1,new,0,,Claire,American_Oxford_5000.pdf,,,,
stake,C1,new,0,,Jill,American_Oxford_5000.pdf,,,,
stall,B2,new,0,,Sherry,American_Oxford_5000.pdf,,,,
stance,B2,new,0,,Rose,American_Oxford_5000.pdf,,,,
standing,C1,new,0,,Grace,American_Oxford_5000.pdf,,,,
stark,C1,new,0,,Rebecca,American_Oxford_5000.pdf,,,,
starve,B2,new,0,,Ashley,American_Oxford_5000.pdf,,,,
statistical,C1,new,0,,Ada,American_Oxford_5000.pdf,,,,
steadily,B2,new,0,,Claire,American_Oxford_5000.pdf,,,,
steam,B2,new,0,,Jill,American_Oxford_5000.pdf,,,,
steer,C1,new,0,,Sherry,American_Oxford_5000.pdf,,,,
stem,C1,new,0,,Rose,American_Oxford_5000.pdf,,,,
stereotype,C1,new,0,,Grace,American_Oxford_5000.pdf,,,,
stimulate,B2,new,0,,Rebecca,American_Oxford_5000.pdf,,,,
stimulus,C1,new,0,,Ashley,American_Oxford_5000.pdf,,,,
stir,C1,new,0,,Ada,American_Oxford_5000.pdf,,,,
storage,C1,new,0,,Claire,American_Oxford_5000.pdf,,,,
straightforward,C1,new,0,,Jill,American_Oxford_5000.pdf,,,,
strain,C1,new,0,,Sherry,American_Oxford_5000.pdf,,,,
strand,C1,new,0,,Rose,American_Oxford_5000.pdf,,,,
strategic,C1,new,0,,Grace,American_Oxford_5000.pdf,,,,
strengthen,B2,new,0,,Rebecca,American_Oxford_5000.pdf,,,,
strictly,B2,new,0,,Ashley,American_Oxford_5000.pdf,,,,
striking,B2,new,0,,Ada,American_Oxford_5000.pdf,,,,
strip (long narrow piece),C1,new,0,,Claire,American_Oxford_5000.pdf,,,,
strive,C1,new,0,,Jill,American_Oxford_5000.pdf,,,,
stroke,B2,new,0,,Sherry,American_Oxford_5000.pdf,,,,
structural,C1,new,0,,Rose,American_Oxford_5000.pdf,,,,
stumble,C1,new,0,,Grace,American_Oxford_5000.pdf,,,,
stunning,B2,new,0,,Rebecca,American_Oxford_5000.pdf,,,,
submission,C1,new,0,,Ashley,American_Oxford_5000.pdf,,,,
subscriber,C1,new,0,,Ada,American_Oxford_5000.pdf,,,,
subscription,C1,new,0,,Claire,American_Oxford_5000.pdf,,,,
subsequent,B2,new,0,,Jill,American_Oxford_5000.pdf,,,,
subsequently,B2,new,0,,Sherry,American_Oxford_5000.pdf,,,,
subsidy,C1,new,0,,Rose,American_Oxford_5000.pdf,,,,
substantial,C1,new,0,,Grace,American_Oxford_5000.pdf,,,,
substantially,C1,new,0,,Rebecca,American_Oxford_5000.pdf,,,,
substitute,C1,new,0,,Ashley,American_Oxford_5000.pdf,,,,
substitution,C1,new,0,,Ada,American_Oxford_5000.pdf,,,,
subtle,C1,new,0,,Claire,American_Oxford_5000.pdf,,,,
suburban,C1,new,0,,Jill,American_Oxford_5000.pdf,,,,
succession,C1,new,0,,Sherry,American_Oxford_5000.pdf,,,,
successive,C1,new,0,,Rose,American_Oxford_5000.pdf,,,,
successor,C1,new,0,,Grace,American_Oxford_5000.pdf,,,,
suck,C1,new,0,,Rebecca,American_Oxford_5000.pdf,,,,
sue,C1,new,0,,Ashley,American_Oxford_5000.pdf,,,,
suffering,B2,new,0,,Ada,American_Oxford_5000.pdf,,,,
sufficient,B2,new,0,,Claire,American_Oxford_5000.pdf,,,,
sufficiently,B2,new,0,,Jill,American_Oxford_5000.pdf,,,,
suicide,C1,new,0,,Sherry,American_Oxford_5000.pdf,,,,
suite,C1,new,0,,Rose,American_Oxford_5000.pdf,,,,
summit,C1,new,0,,Grace,American_Oxford_5000.pdf,,,,
super,B2,new,0,,Rebecca,American_Oxford_5000.pdf,,,,
superb,C1,new,0,,Ashley,American_Oxford_5000.pdf,,,,
superintendent,C1,new,0,,Ada,American_Oxford_5000.pdf,,,,
superior,C1,new,0,,Claire,American_Oxford_5000.pdf,,,,
supervise,C1,new,0,,Jill,American_Oxford_5000.pdf,,,,
supervision,C1,new,0,,Sherry,American_Oxford_5000.pdf,,,,
supervisor,C1,new,0,,Rose,American_Oxford_5000.pdf,,,,
supplement,C1,new,0,,Grace,American_Oxford_5000.pdf,,,,
supportive,C1,new,0,,Rebecca,American_Oxford_5000.pdf,,,,
supposedly,C1,new,0,,Ashley,American_Oxford_5000.pdf,,,,
suppress,C1,new,0,,Ada,American_Oxford_5000.pdf,,,,
supreme,C1,new,0,,Claire,American_Oxford_5000.pdf,,,,
surge,C1,new,0,,Jill,American_Oxford_5000.pdf,,,,
surgeon,B2,new,0,,Sherry,American_Oxford_5000.pdf,,,,
surgical,C1,new,0,,Rose,American_Oxford_5000.pdf,,,,
surplus,C1,new,0,,Grace,American_Oxford_5000.pdf,,,,
surrender,C1,new,0,,Rebecca,American_Oxford_5000.pdf,,,,
surveillance,C1,new,0,,Ashley,American_Oxford_5000.pdf,,,,
survival,B2,new,0,,Ada,American_Oxford_5000.pdf,,,,
survivor,B2,new,0,,Claire,American_Oxford_5000.pdf,,,,
suspend,B2,new,0,,Jill,American_Oxford_5000.pdf,,,,
suspension,C1,new,0,,Sherry,American_Oxford_5000.pdf,,,,
suspicion,C1,new,0,,Rose,American_Oxford_5000.pdf,,,,
suspicious,C1,new,0,,Grace,American_Oxford_5000.pdf,,,,
sustain,C1,new,0,,Rebecca,American_Oxford_5000.pdf,,,,
sustainable,B2,new,0,,Ashley,American_Oxford_5000.pdf,,,,
swallow,B2,new,0,,Ada,American_Oxford_5000.pdf,,,,
swing,C1,new,0,,Claire,American_Oxford_5000.pdf,,,,
sword,C1,new,0,,Jill,American_Oxford_5000.pdf,,,,
symbolic,C1,new,0,,Sherry,American_Oxford_5000.pdf,,,,
sympathetic,B2,new,0,,Rose,American_Oxford_5000.pdf,,,,
syndrome,C1,new,0,,Grace,American_Oxford_5000.pdf,,,,
synthesis,C1,new,0,,Rebecca,American_Oxford_5000.pdf,,,,
systematic,C1,new,0,,Ashley,American_Oxford_5000.pdf,,,,
tackle,B2,new,0,,Ada,American_Oxford_5000.pdf,,,,
tactic,C1,new,0,,Claire,American_Oxford_5000.pdf,,,,
tactical,C1,new,0,,Jill,American_Oxford_5000.pdf,,,,
tag,B2,new,0,,Sherry,American_Oxford_5000.pdf,,,,
tap,B2,new,0,,Rose,American_Oxford_5000.pdf,,,,
taxpayer,C1,new,0,,Grace,American_Oxford_5000.pdf,,,,
technological,B2,new,0,,Rebecca,American_Oxford_5000.pdf,,,,
teen,B2,new,0,,Ashley,American_Oxford_5000.pdf,,,,
temple,B2,new,0,,Ada,American_Oxford_5000.pdf,,,,
temporarily,B2,new,0,,Claire,American_Oxford_5000.pdf,,,,
tempt,C1,new,0,,Jill,American_Oxford_5000.pdf,,,,
tenant,C1,new,0,,Sherry,American_Oxford_5000.pdf,,,,
tendency,B2,new,0,,Rose,American_Oxford_5000.pdf,,,,
tender,C1,new,0,,Grace,American_Oxford_5000.pdf,,,,
tension,B2,new,0,,Rebecca,American_Oxford_5000.pdf,,,,
tenure,C1,new,0,,Ashley,American_Oxford_5000.pdf,,,,
terminal,B2,new,0,,Ada,American_Oxford_5000.pdf,,,,
terminate,C1,new,0,,Claire,American_Oxford_5000.pdf,,,,
terms,B2,new,0,,Jill,American_Oxford_5000.pdf,,,,
terrain,C1,new,0,,Sherry,American_Oxford_5000.pdf,,,,
terribly,B2,new,0,,Rose,American_Oxford_5000.pdf,,,,
terrific,C1,new,0,,Grace,American_Oxford_5000.pdf,,,,
terrify,B2,new,0,,Rebecca,American_Oxford_5000.pdf,,,,
territory,B2,new,0,,Ashley,American_Oxford_5000.pdf,,,,
terror,B2,new,0,,Ada,American_Oxford_5000.pdf,,,,
terrorism,B2,new,0,,Claire,American_Oxford_5000.pdf,,,,
terrorist,B2,new,0,,Jill,American_Oxford_5000.pdf,,,,
testify,C1,new,0,,Sherry,American_Oxford_5000.pdf,,,,
testimony,C1,new,0,,Rose,American_Oxford_5000.pdf,,,,
testing,B2,new,0,,Grace,American_Oxford_5000.pdf,,,,
textbook,B2,new,0,,Rebecca,American_Oxford_5000.pdf,,,,
texture,C1,new,0,,Ashley,American_Oxford_5000.pdf,,,,
thankfully,C1,new,0,,Ada,American_Oxford_5000.pdf,,,,
theatrical,C1,new,0,,Claire,American_Oxford_5000.pdf,,,,
theology,C1,new,0,,Jill,American_Oxford_5000.pdf,,,,
theoretical,C1,new,0,,Sherry,American_Oxford_5000.pdf,,,,
therapist,B2,new,0,,Rose,American_Oxford_5000.pdf,,,,
thereafter,C1,new,0,,Grace,American_Oxford_5000.pdf,,,,
thereby,C1,new,0,,Rebecca,American_Oxford_5000.pdf,,,,
thesis,B2,new,0,,Ashley,American_Oxford_5000.pdf,,,,
thorough,B2,new,0,,Ada,American_Oxford_5000.pdf,,,,
thoroughly,B2,new,0,,Claire,American_Oxford_5000.pdf,,,,
thoughtful,C1,new,0,,Jill,American_Oxford_5000.pdf,,,,
thought-provoking,C1,new,0,,Sherry,American_Oxford_5000.pdf,,,,
thread,C1,new,0,,Rose,American_Oxford_5000.pdf,,,,
threshold,C1,new,0,,Grace,American_Oxford_5000.pdf,,,,
thrilled,C1,new,0,,Rebecca,American_Oxford_5000.pdf,,,,
thrive,C1,new,0,,Ashley,American_Oxford_5000.pdf,,,,
thumb,B2,new,0,,Ada,American_Oxford_5000.pdf,,,,
tide,C1,new,0,,Claire,American_Oxford_5000.pdf,,,,
tighten,C1,new,0,,Jill,American_Oxford_5000.pdf,,,,
timber,C1,new,0,,Sherry,American_Oxford_5000.pdf,,,,
timely,C1,new,0,,Rose,American_Oxford_5000.pdf,,,,
timing,B2,new,0,,Grace,American_Oxford_5000.pdf,,,,
tissue,B2,new,0,,Rebecca,American_Oxford_5000.pdf,,,,
tobacco,C1,new,0,,Ashley,American_Oxford_5000.pdf,,,,
tolerance,C1,new,0,,Ada,American_Oxford_5000.pdf,,,,
tolerate,C1,new,0,,Claire,American_Oxford_5000.pdf,,,,
toll,C1,new,0,,Jill,American_Oxford_5000.pdf,,,,
top,C1,new,0,,Sherry,American_Oxford_5000.pdf,,,,
torture,C1,new,0,,Rose,American_Oxford_5000.pdf,,,,
toss,C1,new,0,,Grace,American_Oxford_5000.pdf,,,,
total,C1,new,0,,Rebecca,American_Oxford_5000.pdf,,,,
tournament,B2,new,0,,Ashley,American_Oxford_5000.pdf,,,,
toxic,C1,new,0,,Ada,American_Oxford_5000.pdf,,,,
trace v.B,C1,new,0,,Claire,American_Oxford_5000.pdf,,,,
trademark,C1,new,0,,Jill,American_Oxford_5000.pdf,,,,
trading,B2,new,0,,Sherry,American_Oxford_5000.pdf,,,,
tragedy,B2,new,0,,Rose,American_Oxford_5000.pdf,,,,
tragic,B2,new,0,,Grace,American_Oxford_5000.pdf,,,,
trail,C1,new,0,,Rebecca,American_Oxford_5000.pdf,,,,
trailer,C1,new,0,,Ashley,American_Oxford_5000.pdf,,,,
trait,B2,new,0,,Ada,American_Oxford_5000.pdf,,,,
transaction,C1,new,0,,Claire,American_Oxford_5000.pdf,,,,
transcript,C1,new,0,,Jill,American_Oxford_5000.pdf,,,,
transformation,C1,new,0,,Sherry,American_Oxford_5000.pdf,,,,
transit,C1,new,0,,Rose,American_Oxford_5000.pdf,,,,
transmission,C1,new,0,,Grace,American_Oxford_5000.pdf,,,,
transmit,B2,new,0,,Rebecca,American_Oxford_5000.pdf,,,,
transparency,C1,new,0,,Ashley,American_Oxford_5000.pdf,,,,
transparent,C1,new,0,,Ada,American_Oxford_5000.pdf,,,,
trap,B2,new,0,,Claire,American_Oxford_5000.pdf,,,,
trauma,C1,new,0,,Jill,American_Oxford_5000.pdf,,,,
treasure,B2,new,0,,Sherry,American_Oxford_5000.pdf,,,,
treaty,C1,new,0,,Rose,American_Oxford_5000.pdf,,,,
tremendous,C1,new,0,,Grace,American_Oxford_5000.pdf,,,,
tribal,C1,new,0,,Rebecca,American_Oxford_5000.pdf,,,,
tribe,B2,new,0,,Ashley,American_Oxford_5000.pdf,,,,
tribute,C1,new,0,,Ada,American_Oxford_5000.pdf,,,,
trigger,B2,new,0,,Claire,American_Oxford_5000.pdf,,,,
trillion,B2,new,0,,Jill,American_Oxford_5000.pdf,,,,
trio,C1,new,0,,Sherry,American_Oxford_5000.pdf,,,,
triumph,C1,new,0,,Rose,American_Oxford_5000.pdf,,,,
troop,B2,new,0,,Grace,American_Oxford_5000.pdf,,,,
trophy,C1,new,0,,Rebecca,American_Oxford_5000.pdf,,,,
troubled,C1,new,0,,Ashley,American_Oxford_5000.pdf,,,,
trustee,C1,new,0,,Ada,American_Oxford_5000.pdf,,,,
tsunami,B2,new,0,,Claire,American_Oxford_5000.pdf,,,,
tuition,C1,new,0,,Jill,American_Oxford_5000.pdf,,,,
tumor,C1,new,0,,Sherry,American_Oxford_5000.pdf,,,,
turnout,C1,new,0,,Rose,American_Oxford_5000.pdf,,,,
turnover,C1,new,0,,Grace,American_Oxford_5000.pdf,,,,
twist,C1,new,0,,Rebecca,American_Oxford_5000.pdf,,,,
ultimate,B2,new,0,,Ashley,American_Oxford_5000.pdf,,,,
unacceptable,B2,new,0,,Ada,American_Oxford_5000.pdf,,,,
uncertainty,B2,new,0,,Claire,American_Oxford_5000.pdf,,,,
unconstitutional,C1,new,0,,Jill,American_Oxford_5000.pdf,,,,
undergo,B2,new,0,,Sherry,American_Oxford_5000.pdf,,,,
undergraduate,C1,new,0,,Rose,American_Oxford_5000.pdf,,,,
underlying,C1,new,0,,Grace,American_Oxford_5000.pdf,,,,
undermine,C1,new,0,,Rebecca,American_Oxford_5000.pdf,,,,
undertake,B2,new,0,,Ashley,American_Oxford_5000.pdf,,,,
undoubtedly,C1,new,0,,Ada,American_Oxford_5000.pdf,,,,
unfold,B2,new,0,,Claire,American_Oxford_5000.pdf,,,,
unfortunate,B2,new,0,,Jill,American_Oxford_5000.pdf,,,,
unify,C1,new,0,,Sherry,American_Oxford_5000.pdf,,,,
unite,B2,new,0,,Rose,American_Oxford_5000.pdf,,,,
unity,B2,new,0,,Grace,American_Oxford_5000.pdf,,,,
universal,B2,new,0,,Rebecca,American_Oxford_5000.pdf,,,,
unprecedented,C1,new,0,,Ashley,American_Oxford_5000.pdf,,,,
unveil,C1,new,0,,Ada,American_Oxford_5000.pdf,,,,
upcoming,C1,new,0,,Claire,American_Oxford_5000.pdf,,,,
upgrade,C1,new,0,,Jill,American_Oxford_5000.pdf,,,,
uphold,C1,new,0,,Sherry,American_Oxford_5000.pdf,,,,
urgent,B2,new,0,,Rose,American_Oxford_5000.pdf,,,,
usage,B2,new,0,,Grace,American_Oxford_5000.pdf,,,,
useless,B2,new,0,,Rebecca,American_Oxford_5000.pdf,,,,
utility,C1,new,0,,Ashley,American_Oxford_5000.pdf,,,,
utilize,C1,new,0,,Ada,American_Oxford_5000.pdf,,,,
utterly,C1,new,0,,Claire,American_Oxford_5000.pdf,,,,
vacuum,C1,new,0,,Jill,American_Oxford_5000.pdf,,,,
vague,C1,new,0,,Sherry,American_Oxford_5000.pdf,,,,
valid,B2,new,0,,Rose,American_Oxford_5000.pdf,,,,
validity,C1,new,0,,Grace,American_Oxford_5000.pdf,,,,
vanish,C1,new,0,,Rebecca,American_Oxford_5000.pdf,,,,
variable,C1,new,0,,Ashley,American_Oxford_5000.pdf,,,,
variation,B2,new,0,,Ada,American_Oxford_5000.pdf,,,,
varied,C1,new,0,,Claire,American_Oxford_5000.pdf,,,,
vein,C1,new,0,,Jill,American_Oxford_5000.pdf,,,,
venture,C1,new,0,,Sherry,American_Oxford_5000.pdf,,,,
verbal,C1,new,0,,Rose,American_Oxford_5000.pdf,,,,
verdict,C1,new,0,,Grace,American_Oxford_5000.pdf,,,,
verify,C1,new,0,,Rebecca,American_Oxford_5000.pdf,,,,
verse,C1,new,0,,Ashley,American_Oxford_5000.pdf,,,,
versus,C1,new,0,,Ada,American_Oxford_5000.pdf,,,,
vertical,B2,new,0,,Claire,American_Oxford_5000.pdf,,,,
vessel,C1,new,0,,Jill,American_Oxford_5000.pdf,,,,
veteran,C1,new,0,,Sherry,American_Oxford_5000.pdf,,,,
viable,C1,new,0,,Rose,American_Oxford_5000.pdf,,,,
vibrant,C1,new,0,,Grace,American_Oxford_5000.pdf,,,,
vice,C1,new,0,,Rebecca,American_Oxford_5000.pdf,,,,
vicious,C1,new,0,,Ashley,American_Oxford_5000.pdf,,,,
viewpoint,B2,new,0,,Ada,American_Oxford_5000.pdf,,,,
violate,C1,new,0,,Claire,American_Oxford_5000.pdf,,,,
violation,C1,new,0,,Jill,American_Oxford_5000.pdf,,,,
virtue,C1,new,0,,Sherry,American_Oxford_5000.pdf,,,,
visa,B2,new,0,,Rose,American_Oxford_5000.pdf,,,,
visible,B2,new,0,,Grace,American_Oxford_5000.pdf,,,,
vocal,C1,new,0,,Rebecca,American_Oxford_5000.pdf,,,,
voluntary,B2,new,0,,Ashley,American_Oxford_5000.pdf,,,,
voting,B2,new,0,,Ada,American_Oxford_5000.pdf,,,,
vow,C1,new,0,,Claire,American_Oxford_5000.pdf,,,,
vulnerability,C1,new,0,,Jill,American_Oxford_5000.pdf,,,,
vulnerable,C1,new,0,,Sherry,American_Oxford_5000.pdf,,,,
wander,B2,new,0,,Rose,American_Oxford_5000.pdf,,,,
ward,C1,new,0,,Grace,American_Oxford_5000.pdf,,,,
warehouse,C1,new,0,,Rebecca,American_Oxford_5000.pdf,,,,
warfare,C1,new,0,,Ashley,American_Oxford_5000.pdf,,,,
warming,B2,new,0,,Ada,American_Oxford_5000.pdf,,,,
warrant,C1,new,0,,Claire,American_Oxford_5000.pdf,,,,
warrior,C1,new,0,,Jill,American_Oxford_5000.pdf,,,,
weaken,C1,new,0,,Sherry,American_Oxford_5000.pdf,,,,
weave,C1,new,0,,Rose,American_Oxford_5000.pdf,,,,
weed,C1,new,0,,Grace,American_Oxford_5000.pdf,,,,
weekly,B2,new,0,,Rebecca,American_Oxford_5000.pdf,,,,
weird,B2,new,0,,Ashley,American_Oxford_5000.pdf,,,,
welfare,B2,new,0,,Ada,American_Oxford_5000.pdf,,,,
well,C1,new,0,,Claire,American_Oxford_5000.pdf,,,,
well-being,C1,new,0,,Jill,American_Oxford_5000.pdf,,,,
whatsoever,C1,new,0,,Sherry,American_Oxford_5000.pdf,,,,
wheat,B2,new,0,,Rose,American_Oxford_5000.pdf,,,,
whereby,C1,new,0,,Grace,American_Oxford_5000.pdf,,,,
whip,C1,new,0,,Rebecca,American_Oxford_5000.pdf,,,,
whoever,B2,new,0,,Ashley,American_Oxford_5000.pdf,,,,
wholly,C1,new,0,,Ada,American_Oxford_5000.pdf,,,,
widen,C1,new,0,,Claire,American_Oxford_5000.pdf,,,,
widespread,B2,new,0,,Jill,American_Oxford_5000.pdf,,,,
widow,C1,new,0,,Sherry,American_Oxford_5000.pdf,,,,
width,C1,new,0,,Rose,American_Oxford_5000.pdf,,,,
willingness,C1,new,0,,Grace,American_Oxford_5000.pdf,,,,
wipe,C1,new,0,,Rebecca,American_Oxford_5000.pdf,,,,
wisdom,B2,new,0,,Ashley,American_Oxford_5000.pdf,,,,
wit,C1,new,0,,Ada,American_Oxford_5000.pdf,,,,
withdraw,B2,new,0,,Claire,American_Oxford_5000.pdf,,,,
withdrawal,C1,new,0,,Jill,American_Oxford_5000.pdf,,,,
wolf,B2,new,0,,Sherry,American_Oxford_5000.pdf,,,,
workforce,B2,new,0,,Rose,American_Oxford_5000.pdf,,,,
workout,C1,new,0,,Grace,American_Oxford_5000.pdf,,,,
workplace,B2,new,0,,Rebecca,American_Oxford_5000.pdf,,,,
workshop,B2,new,0,,Ashley,American_Oxford_5000.pdf,,,,
worm,B2,new,0,,Ada,American_Oxford_5000.pdf,,,,
worship,C1,new,0,,Claire,American_Oxford_5000.pdf,,,,
worthwhile,C1,new,0,,Jill,American_Oxford_5000.pdf,,,,
worthy,C1,new,0,,Sherry,American_Oxford_5000.pdf,,,,
yell,C1,new,0,,Rose,American_Oxford_5000.pdf,,,,
yield,C1,new,0,,Grace,American_Oxford_5000.pdf,,,,
